period,basket_replication,official_general,error
2025-01,101.137,101.08,0.057
2025-02,100.983,101.0,-0.017
2025-03,100.962,101.06,-0.098
2025-04,101.009,101.23,-0.221
2025-05,101.368,101.66,-0.292
2025-06,102.17,102.33,-0.16
2025-07,102.938,103.12,-0.182
2025-08,103.139,102.99,0.149
2025-09,102.999,103.32,-0.321
2025-10,102.694,102.92,-0.226
2025-11,103.341,103.37,-0.029
2025-12,103.37,103.28,0.09
2026-01,103.424,103.26,0.164
2026-02,103.347,103.59,-0.243
2026-03,103.367,103.82,-0.453
2026-04,103.517,103.86,-0.343
2026-05,104.708,104.66,0.048
2026-06,106.338,106.17,0.168
2026-07,107.102,107.11,-0.008
2026-08,108.059,107.81,0.249
