item_id,item,wire_to,rajkot_district_n_overlap,rajkot_district_corr,rajkot_district_drift,rajkot_district_verdict,gujarat_n_overlap,gujarat_corr,gujarat_drift,gujarat_verdict,india_n_overlap,india_corr,india_drift,india_verdict
F021,Potato,rajkot_district,10,0.84,0.07,pass,10,0.9,0.033,pass,10,0.9,0.136,fail
F022,Onion,none,10,0.86,0.34,fail,10,0.85,0.127,fail,10,0.93,0.219,fail
F023,Tomato,india,10,0.91,0.407,fail,10,0.97,0.206,fail,10,0.84,0.057,pass
F025,Brinjal,none,10,0.6,0.384,fail,10,0.84,0.311,fail,10,0.76,0.289,fail
F024,Banana,none,0,,,no data,10,0.54,0.343,fail,10,0.55,0.338,fail
F026,Jaggery,none,0,,,no data,0,,,no data,10,0.11,0.051,fail
F001,Wheat (atta),none,10,0.12,0.148,fail,10,0.11,0.153,fail,10,0.11,0.147,fail
F004,Moong,none,10,0.06,0.1,fail,10,0.01,0.127,fail,10,0.12,0.066,fail
F003,Tur,none,10,0.2,0.034,fail,10,0.19,0.028,fail,10,0.31,0.133,fail
F005,Gram,india,10,0.24,0.006,fail,10,0.29,0.014,fail,10,0.5,0.014,pass
