period,centre,value,source_url,source_class,retrieved
2025-05,Ahmedabad,141.4,https://web.archive.org/web/20250811181220/https://labourbureau.gov.in/,"official (Labour Bureau CPI-IW 2016=100, home-page centre table)",2026-10-02
2025-05,Bhavnagar,134.9,https://web.archive.org/web/20250811181220/https://labourbureau.gov.in/,"official (Labour Bureau CPI-IW 2016=100, home-page centre table)",2026-10-02
2025-05,Rajkot,139.6,https://web.archive.org/web/20250811181220/https://labourbureau.gov.in/,"official (Labour Bureau CPI-IW 2016=100, home-page centre table)",2026-10-02
2025-05,Surat,132.5,https://web.archive.org/web/20250811181220/https://labourbureau.gov.in/,"official (Labour Bureau CPI-IW 2016=100, home-page centre table)",2026-10-02
2025-05,Vadodara,134.8,https://web.archive.org/web/20250811181220/https://labourbureau.gov.in/,"official (Labour Bureau CPI-IW 2016=100, home-page centre table)",2026-10-02
2025-06,Ahmedabad,142.7,https://web.archive.org/web/20251005115336/https://labourbureau.gov.in/,"official (Labour Bureau CPI-IW 2016=100, home-page centre table)",2026-10-02
2025-06,Bhavnagar,135.8,https://web.archive.org/web/20251005115336/https://labourbureau.gov.in/,"official (Labour Bureau CPI-IW 2016=100, home-page centre table)",2026-10-02
2025-06,Rajkot,140.3,https://web.archive.org/web/20251005115336/https://labourbureau.gov.in/,"official (Labour Bureau CPI-IW 2016=100, home-page centre table)",2026-10-02
2025-06,Surat,134.4,https://web.archive.org/web/20251005115336/https://labourbureau.gov.in/,"official (Labour Bureau CPI-IW 2016=100, home-page centre table)",2026-10-02
2025-06,Vadodara,136.0,https://web.archive.org/web/20251005115336/https://labourbureau.gov.in/,"official (Labour Bureau CPI-IW 2016=100, home-page centre table)",2026-10-02
2025-07,Ahmedabad,144.0,https://web.archive.org/web/20251014005941/https://labourbureau.gov.in/,"official (Labour Bureau CPI-IW 2016=100, home-page centre table)",2026-10-02
2025-07,Bhavnagar,136.9,https://web.archive.org/web/20251014005941/https://labourbureau.gov.in/,"official (Labour Bureau CPI-IW 2016=100, home-page centre table)",2026-10-02
2025-07,Rajkot,140.7,https://web.archive.org/web/20251014005941/https://labourbureau.gov.in/,"official (Labour Bureau CPI-IW 2016=100, home-page centre table)",2026-10-02
2025-07,Surat,134.9,https://web.archive.org/web/20251014005941/https://labourbureau.gov.in/,"official (Labour Bureau CPI-IW 2016=100, home-page centre table)",2026-10-02
2025-07,Vadodara,136.4,https://web.archive.org/web/20251014005941/https://labourbureau.gov.in/,"official (Labour Bureau CPI-IW 2016=100, home-page centre table)",2026-10-02
2025-08,Ahmedabad,144.2,https://web.archive.org/web/20251118072703/https://labourbureau.gov.in/,"official (Labour Bureau CPI-IW 2016=100, home-page centre table)",2026-10-02
2025-08,Bhavnagar,136.8,https://web.archive.org/web/20251118072703/https://labourbureau.gov.in/,"official (Labour Bureau CPI-IW 2016=100, home-page centre table)",2026-10-02
2025-08,Rajkot,141.2,https://web.archive.org/web/20251118072703/https://labourbureau.gov.in/,"official (Labour Bureau CPI-IW 2016=100, home-page centre table)",2026-10-02
2025-08,Surat,135.7,https://web.archive.org/web/20251118072703/https://labourbureau.gov.in/,"official (Labour Bureau CPI-IW 2016=100, home-page centre table)",2026-10-02
2025-08,Vadodara,136.8,https://web.archive.org/web/20251118072703/https://labourbureau.gov.in/,"official (Labour Bureau CPI-IW 2016=100, home-page centre table)",2026-10-02
2025-09,Ahmedabad,144.8,https://web.archive.org/web/20251209192239/https://labourbureau.gov.in/,"official (Labour Bureau CPI-IW 2016=100, home-page centre table)",2026-10-02
2025-09,Bhavnagar,139.2,https://web.archive.org/web/20251209192239/https://labourbureau.gov.in/,"official (Labour Bureau CPI-IW 2016=100, home-page centre table)",2026-10-02
2025-09,Rajkot,141.8,https://web.archive.org/web/20251209192239/https://labourbureau.gov.in/,"official (Labour Bureau CPI-IW 2016=100, home-page centre table)",2026-10-02
2025-09,Surat,138.0,https://web.archive.org/web/20251209192239/https://labourbureau.gov.in/,"official (Labour Bureau CPI-IW 2016=100, home-page centre table)",2026-10-02
2025-09,Vadodara,138.2,https://web.archive.org/web/20251209192239/https://labourbureau.gov.in/,"official (Labour Bureau CPI-IW 2016=100, home-page centre table)",2026-10-02
2025-10,Ahmedabad,145.8,https://web.archive.org/web/20260117070142/https://labourbureau.gov.in/,"official (Labour Bureau CPI-IW 2016=100, home-page centre table)",2026-10-02
2025-10,Bhavnagar,139.6,https://web.archive.org/web/20260117070142/https://labourbureau.gov.in/,"official (Labour Bureau CPI-IW 2016=100, home-page centre table)",2026-10-02
2025-10,Rajkot,141.7,https://web.archive.org/web/20260117070142/https://labourbureau.gov.in/,"official (Labour Bureau CPI-IW 2016=100, home-page centre table)",2026-10-02
2025-10,Surat,139.2,https://web.archive.org/web/20260117070142/https://labourbureau.gov.in/,"official (Labour Bureau CPI-IW 2016=100, home-page centre table)",2026-10-02
2025-10,Vadodara,138.2,https://web.archive.org/web/20260117070142/https://labourbureau.gov.in/,"official (Labour Bureau CPI-IW 2016=100, home-page centre table)",2026-10-02
2025-11,Ahmedabad,147.3,https://web.archive.org/web/20260217170314/https://labourbureau.gov.in/,"official (Labour Bureau CPI-IW 2016=100, home-page centre table)",2026-10-02
2025-11,Bhavnagar,139.4,https://web.archive.org/web/20260217170314/https://labourbureau.gov.in/,"official (Labour Bureau CPI-IW 2016=100, home-page centre table)",2026-10-02
2025-11,Rajkot,141.3,https://web.archive.org/web/20260217170314/https://labourbureau.gov.in/,"official (Labour Bureau CPI-IW 2016=100, home-page centre table)",2026-10-02
2025-11,Surat,138.7,https://web.archive.org/web/20260217170314/https://labourbureau.gov.in/,"official (Labour Bureau CPI-IW 2016=100, home-page centre table)",2026-10-02
2025-11,Vadodara,138.0,https://web.archive.org/web/20260217170314/https://labourbureau.gov.in/,"official (Labour Bureau CPI-IW 2016=100, home-page centre table)",2026-10-02
2025-12,Ahmedabad,147.3,https://web.archive.org/web/20260317091014/https://labourbureau.gov.in/,"official (Labour Bureau CPI-IW 2016=100, home-page centre table)",2026-10-02
2025-12,Bhavnagar,139.1,https://web.archive.org/web/20260317091014/https://labourbureau.gov.in/,"official (Labour Bureau CPI-IW 2016=100, home-page centre table)",2026-10-02
2025-12,Rajkot,141.4,https://web.archive.org/web/20260317091014/https://labourbureau.gov.in/,"official (Labour Bureau CPI-IW 2016=100, home-page centre table)",2026-10-02
2025-12,Surat,140.4,https://web.archive.org/web/20260317091014/https://labourbureau.gov.in/,"official (Labour Bureau CPI-IW 2016=100, home-page centre table)",2026-10-02
2025-12,Vadodara,137.8,https://web.archive.org/web/20260317091014/https://labourbureau.gov.in/,"official (Labour Bureau CPI-IW 2016=100, home-page centre table)",2026-10-02
2026-01,Ahmedabad,148.4,https://web.archive.org/web/20260421133610/https://labourbureau.gov.in/,"official (Labour Bureau CPI-IW 2016=100, home-page centre table)",2026-10-02
2026-01,Bhavnagar,138.1,https://web.archive.org/web/20260421133610/https://labourbureau.gov.in/,"official (Labour Bureau CPI-IW 2016=100, home-page centre table)",2026-10-02
2026-01,Rajkot,141.7,https://web.archive.org/web/20260421133610/https://labourbureau.gov.in/,"official (Labour Bureau CPI-IW 2016=100, home-page centre table)",2026-10-02
2026-01,Surat,139.9,https://web.archive.org/web/20260421133610/https://labourbureau.gov.in/,"official (Labour Bureau CPI-IW 2016=100, home-page centre table)",2026-10-02
2026-01,Vadodara,137.8,https://web.archive.org/web/20260421133610/https://labourbureau.gov.in/,"official (Labour Bureau CPI-IW 2016=100, home-page centre table)",2026-10-02
2026-02,Ahmedabad,148.8,https://web.archive.org/web/20260421133610/https://labourbureau.gov.in/,"official (Labour Bureau CPI-IW 2016=100, home-page centre table)",2026-10-02
2026-02,Bhavnagar,137.8,https://web.archive.org/web/20260421133610/https://labourbureau.gov.in/,"official (Labour Bureau CPI-IW 2016=100, home-page centre table)",2026-10-02
2026-02,Rajkot,142.3,https://web.archive.org/web/20260421133610/https://labourbureau.gov.in/,"official (Labour Bureau CPI-IW 2016=100, home-page centre table)",2026-10-02
2026-02,Surat,139.3,https://web.archive.org/web/20260421133610/https://labourbureau.gov.in/,"official (Labour Bureau CPI-IW 2016=100, home-page centre table)",2026-10-02
2026-02,Vadodara,137.8,https://web.archive.org/web/20260421133610/https://labourbureau.gov.in/,"official (Labour Bureau CPI-IW 2016=100, home-page centre table)",2026-10-02
2026-03,Ahmedabad,149.1,https://web.archive.org/web/20260605230004/https://labourbureau.gov.in/,"official (Labour Bureau CPI-IW 2016=100, home-page centre table)",2026-10-02
2026-03,Bhavnagar,139.8,https://web.archive.org/web/20260605230004/https://labourbureau.gov.in/,"official (Labour Bureau CPI-IW 2016=100, home-page centre table)",2026-10-02
2026-03,Rajkot,142.6,https://web.archive.org/web/20260605230004/https://labourbureau.gov.in/,"official (Labour Bureau CPI-IW 2016=100, home-page centre table)",2026-10-02
2026-03,Surat,141.9,https://web.archive.org/web/20260605230004/https://labourbureau.gov.in/,"official (Labour Bureau CPI-IW 2016=100, home-page centre table)",2026-10-02
2026-03,Vadodara,138.4,https://web.archive.org/web/20260605230004/https://labourbureau.gov.in/,"official (Labour Bureau CPI-IW 2016=100, home-page centre table)",2026-10-02
2026-04,Ahmedabad,149.6,https://web.archive.org/web/20260605230004/https://labourbureau.gov.in/,"official (Labour Bureau CPI-IW 2016=100, home-page centre table)",2026-10-02
2026-04,Bhavnagar,140.1,https://web.archive.org/web/20260605230004/https://labourbureau.gov.in/,"official (Labour Bureau CPI-IW 2016=100, home-page centre table)",2026-10-02
2026-04,Rajkot,143.0,https://web.archive.org/web/20260605230004/https://labourbureau.gov.in/,"official (Labour Bureau CPI-IW 2016=100, home-page centre table)",2026-10-02
2026-04,Surat,141.6,https://web.archive.org/web/20260605230004/https://labourbureau.gov.in/,"official (Labour Bureau CPI-IW 2016=100, home-page centre table)",2026-10-02
2026-04,Vadodara,139.4,https://web.archive.org/web/20260605230004/https://labourbureau.gov.in/,"official (Labour Bureau CPI-IW 2016=100, home-page centre table)",2026-10-02
2026-06,Ahmedabad,154.0,https://web.archive.org/web/20260929111620/https://labourbureau.gov.in/,"official (Labour Bureau CPI-IW 2016=100, home-page centre table)",2026-10-02
2026-06,Bhavnagar,141.6,https://web.archive.org/web/20260929111620/https://labourbureau.gov.in/,"official (Labour Bureau CPI-IW 2016=100, home-page centre table)",2026-10-02
2026-06,Rajkot,143.5,https://web.archive.org/web/20260929111620/https://labourbureau.gov.in/,"official (Labour Bureau CPI-IW 2016=100, home-page centre table)",2026-10-02
2026-06,Surat,145.9,https://web.archive.org/web/20260929111620/https://labourbureau.gov.in/,"official (Labour Bureau CPI-IW 2016=100, home-page centre table)",2026-10-02
2026-06,Vadodara,141.4,https://web.archive.org/web/20260929111620/https://labourbureau.gov.in/,"official (Labour Bureau CPI-IW 2016=100, home-page centre table)",2026-10-02
2026-07,Ahmedabad,155.6,https://www.labourbureau.gov.in/,"official (Labour Bureau CPI-IW 2016=100, home-page centre table)",2026-10-02
2026-07,Bhavnagar,141.7,https://www.labourbureau.gov.in/,"official (Labour Bureau CPI-IW 2016=100, home-page centre table)",2026-10-02
2026-07,Rajkot,146.0,https://www.labourbureau.gov.in/,"official (Labour Bureau CPI-IW 2016=100, home-page centre table)",2026-10-02
2026-07,Surat,145.7,https://www.labourbureau.gov.in/,"official (Labour Bureau CPI-IW 2016=100, home-page centre table)",2026-10-02
2026-07,Vadodara,142.3,https://www.labourbureau.gov.in/,"official (Labour Bureau CPI-IW 2016=100, home-page centre table)",2026-10-02
2026-08,Ahmedabad,156.5,https://www.labourbureau.gov.in/,"official (Labour Bureau CPI-IW 2016=100, home-page centre table)",2026-10-02
2026-08,Bhavnagar,142.2,https://www.labourbureau.gov.in/,"official (Labour Bureau CPI-IW 2016=100, home-page centre table)",2026-10-02
2026-08,Rajkot,146.2,https://www.labourbureau.gov.in/,"official (Labour Bureau CPI-IW 2016=100, home-page centre table)",2026-10-02
2026-08,Surat,145.9,https://www.labourbureau.gov.in/,"official (Labour Bureau CPI-IW 2016=100, home-page centre table)",2026-10-02
2026-08,Vadodara,142.4,https://www.labourbureau.gov.in/,"official (Labour Bureau CPI-IW 2016=100, home-page centre table)",2026-10-02
