item_id,doca_commodity,last_day,rajkot_corr,rajkot_drift,rajkot_verdict,gujarat_corr,gujarat_drift,gujarat_verdict,india_corr,india_drift,india_verdict,wire_to
F006,16,2026-10-02,0.56,0.007,pass,0.63,0.045,pass,0.74,0.022,pass,rajkot
F013,37,2026-10-02,0.89,0.042,pass,0.98,0.067,pass,0.99,0.03,pass,rajkot
F026,38,2026-10-02,0.53,0.016,pass,0.77,0.064,pass,0.87,0.01,pass,rajkot
F002,1,2026-10-02,-0.07,0.065,fail,0.23,0.116,fail,0.69,0.014,pass,india
F008,20,2026-10-02,0.38,0.165,fail,0.47,0.12,fail,0.75,0.037,pass,india
F011,35,2026-10-02,0.33,0.043,fail,-0.18,0.011,fail,0.66,0.008,pass,india
F001,4,2026-10-02,0.33,0.206,fail,0.24,0.056,fail,0.19,0.013,fail,none
F003,11,2026-10-02,0.32,0.257,fail,0.36,0.175,fail,0.91,0.044,pass,india
F004,13,2026-10-02,-0.03,0.025,fail,0.11,0.037,fail,0.18,0.018,fail,none
F005,10,2026-10-02,0.43,0.042,fail,0.32,0.052,fail,0.86,0.03,pass,india
F012,34,2026-10-02,0.06,0.023,fail,0.18,0.014,fail,0.37,0.055,fail,none
F014,39,2026-10-02,-0.12,0.033,fail,0.35,0.043,fail,0.25,0.011,fail,none
F015,40,2026-10-02,-0.22,0.066,fail,0.04,0.071,fail,0.12,0.032,fail,none
F016,32,2026-10-02,-0.02,0.079,fail,0.2,0.114,fail,0.35,0.152,fail,none
F021,22,2026-10-02,0.44,0.16,fail,0.64,0.035,pass,0.93,0.147,fail,gujarat
F022,23,2026-10-02,0.45,0.007,fail,0.53,0.131,fail,0.91,0.129,fail,none
F023,24,2026-10-02,0.53,0.318,fail,0.69,0.217,fail,0.92,0.176,fail,none
F024,41,2026-10-02,-0.54,0.023,fail,-0.44,0.123,fail,0.59,0.06,pass,india
F025,25,2026-10-02,-0.23,0.598,fail,0.31,0.414,fail,0.68,0.356,fail,none
F020,36,2026-10-02,0.28,0.068,fail,0.25,0.008,fail,0.89,0.025,pass,india
