series_id,period,value,source_url
CPI2024_GUJARAT_URBAN_DIV_01,2025-01,101.05,https://api.mospi.gov.in/api/cpi/getCPIData?base_year=2024&series=Current&state_code=10&sector_code=2
CPI2024_GUJARAT_URBAN_DIV_01,2025-02,100.34,https://api.mospi.gov.in/api/cpi/getCPIData?base_year=2024&series=Current&state_code=10&sector_code=2
CPI2024_GUJARAT_URBAN_DIV_01,2025-03,100.17,https://api.mospi.gov.in/api/cpi/getCPIData?base_year=2024&series=Current&state_code=10&sector_code=2
CPI2024_GUJARAT_URBAN_DIV_01,2025-04,100.05,https://api.mospi.gov.in/api/cpi/getCPIData?base_year=2024&series=Current&state_code=10&sector_code=2
CPI2024_GUJARAT_URBAN_DIV_01,2025-05,100.9,https://api.mospi.gov.in/api/cpi/getCPIData?base_year=2024&series=Current&state_code=10&sector_code=2
CPI2024_GUJARAT_URBAN_DIV_01,2025-06,102.52,https://api.mospi.gov.in/api/cpi/getCPIData?base_year=2024&series=Current&state_code=10&sector_code=2
CPI2024_GUJARAT_URBAN_DIV_01,2025-07,104.46,https://api.mospi.gov.in/api/cpi/getCPIData?base_year=2024&series=Current&state_code=10&sector_code=2
CPI2024_GUJARAT_URBAN_DIV_01,2025-08,103.56,https://api.mospi.gov.in/api/cpi/getCPIData?base_year=2024&series=Current&state_code=10&sector_code=2
CPI2024_GUJARAT_URBAN_DIV_01,2025-09,104.32,https://api.mospi.gov.in/api/cpi/getCPIData?base_year=2024&series=Current&state_code=10&sector_code=2
CPI2024_GUJARAT_URBAN_DIV_01,2025-10,103.0,https://api.mospi.gov.in/api/cpi/getCPIData?base_year=2024&series=Current&state_code=10&sector_code=2
CPI2024_GUJARAT_URBAN_DIV_01,2025-11,104.24,https://api.mospi.gov.in/api/cpi/getCPIData?base_year=2024&series=Current&state_code=10&sector_code=2
CPI2024_GUJARAT_URBAN_DIV_01,2025-12,103.63,https://api.mospi.gov.in/api/cpi/getCPIData?base_year=2024&series=Current&state_code=10&sector_code=2
CPI2024_GUJARAT_URBAN_DIV_01,2026-01,102.8,https://api.mospi.gov.in/api/cpi/getCPIData?base_year=2024&series=Current&state_code=10&sector_code=2
CPI2024_GUJARAT_URBAN_DIV_01,2026-02,103.48,https://api.mospi.gov.in/api/cpi/getCPIData?base_year=2024&series=Current&state_code=10&sector_code=2
CPI2024_GUJARAT_URBAN_DIV_01,2026-03,103.76,https://api.mospi.gov.in/api/cpi/getCPIData?base_year=2024&series=Current&state_code=10&sector_code=2
CPI2024_GUJARAT_URBAN_DIV_01,2026-04,103.41,https://api.mospi.gov.in/api/cpi/getCPIData?base_year=2024&series=Current&state_code=10&sector_code=2
CPI2024_GUJARAT_URBAN_DIV_01,2026-05,104.34,https://api.mospi.gov.in/api/cpi/getCPIData?base_year=2024&series=Current&state_code=10&sector_code=2
CPI2024_GUJARAT_URBAN_DIV_01,2026-06,106.79,https://api.mospi.gov.in/api/cpi/getCPIData?base_year=2024&series=Current&state_code=10&sector_code=2
CPI2024_GUJARAT_URBAN_DIV_01,2026-07,109.16,https://api.mospi.gov.in/api/cpi/getCPIData?base_year=2024&series=Current&state_code=10&sector_code=2
CPI2024_GUJARAT_URBAN_DIV_01,2026-08,110.45,https://api.mospi.gov.in/api/cpi/getCPIData?base_year=2024&series=Current&state_code=10&sector_code=2
CPI2024_GUJARAT_URBAN_DIV_02,2025-01,100.72,https://api.mospi.gov.in/api/cpi/getCPIData?base_year=2024&series=Current&state_code=10&sector_code=2
CPI2024_GUJARAT_URBAN_DIV_02,2025-02,101.05,https://api.mospi.gov.in/api/cpi/getCPIData?base_year=2024&series=Current&state_code=10&sector_code=2
CPI2024_GUJARAT_URBAN_DIV_02,2025-03,101.02,https://api.mospi.gov.in/api/cpi/getCPIData?base_year=2024&series=Current&state_code=10&sector_code=2
CPI2024_GUJARAT_URBAN_DIV_02,2025-04,101.2,https://api.mospi.gov.in/api/cpi/getCPIData?base_year=2024&series=Current&state_code=10&sector_code=2
CPI2024_GUJARAT_URBAN_DIV_02,2025-05,101.49,https://api.mospi.gov.in/api/cpi/getCPIData?base_year=2024&series=Current&state_code=10&sector_code=2
CPI2024_GUJARAT_URBAN_DIV_02,2025-06,101.64,https://api.mospi.gov.in/api/cpi/getCPIData?base_year=2024&series=Current&state_code=10&sector_code=2
CPI2024_GUJARAT_URBAN_DIV_02,2025-07,101.98,https://api.mospi.gov.in/api/cpi/getCPIData?base_year=2024&series=Current&state_code=10&sector_code=2
CPI2024_GUJARAT_URBAN_DIV_02,2025-08,102.31,https://api.mospi.gov.in/api/cpi/getCPIData?base_year=2024&series=Current&state_code=10&sector_code=2
CPI2024_GUJARAT_URBAN_DIV_02,2025-09,102.66,https://api.mospi.gov.in/api/cpi/getCPIData?base_year=2024&series=Current&state_code=10&sector_code=2
CPI2024_GUJARAT_URBAN_DIV_02,2025-10,103.0,https://api.mospi.gov.in/api/cpi/getCPIData?base_year=2024&series=Current&state_code=10&sector_code=2
CPI2024_GUJARAT_URBAN_DIV_02,2025-11,102.31,https://api.mospi.gov.in/api/cpi/getCPIData?base_year=2024&series=Current&state_code=10&sector_code=2
CPI2024_GUJARAT_URBAN_DIV_02,2025-12,102.38,https://api.mospi.gov.in/api/cpi/getCPIData?base_year=2024&series=Current&state_code=10&sector_code=2
CPI2024_GUJARAT_URBAN_DIV_02,2026-01,103.03,https://api.mospi.gov.in/api/cpi/getCPIData?base_year=2024&series=Current&state_code=10&sector_code=2
CPI2024_GUJARAT_URBAN_DIV_02,2026-02,103.1,https://api.mospi.gov.in/api/cpi/getCPIData?base_year=2024&series=Current&state_code=10&sector_code=2
CPI2024_GUJARAT_URBAN_DIV_02,2026-03,103.81,https://api.mospi.gov.in/api/cpi/getCPIData?base_year=2024&series=Current&state_code=10&sector_code=2
CPI2024_GUJARAT_URBAN_DIV_02,2026-04,104.47,https://api.mospi.gov.in/api/cpi/getCPIData?base_year=2024&series=Current&state_code=10&sector_code=2
CPI2024_GUJARAT_URBAN_DIV_02,2026-05,104.55,https://api.mospi.gov.in/api/cpi/getCPIData?base_year=2024&series=Current&state_code=10&sector_code=2
CPI2024_GUJARAT_URBAN_DIV_02,2026-06,104.88,https://api.mospi.gov.in/api/cpi/getCPIData?base_year=2024&series=Current&state_code=10&sector_code=2
CPI2024_GUJARAT_URBAN_DIV_02,2026-07,105.19,https://api.mospi.gov.in/api/cpi/getCPIData?base_year=2024&series=Current&state_code=10&sector_code=2
CPI2024_GUJARAT_URBAN_DIV_02,2026-08,105.27,https://api.mospi.gov.in/api/cpi/getCPIData?base_year=2024&series=Current&state_code=10&sector_code=2
CPI2024_GUJARAT_URBAN_DIV_03,2025-01,101.92,https://api.mospi.gov.in/api/cpi/getCPIData?base_year=2024&series=Current&state_code=10&sector_code=2
CPI2024_GUJARAT_URBAN_DIV_03,2025-02,102.22,https://api.mospi.gov.in/api/cpi/getCPIData?base_year=2024&series=Current&state_code=10&sector_code=2
CPI2024_GUJARAT_URBAN_DIV_03,2025-03,102.31,https://api.mospi.gov.in/api/cpi/getCPIData?base_year=2024&series=Current&state_code=10&sector_code=2
CPI2024_GUJARAT_URBAN_DIV_03,2025-04,102.51,https://api.mospi.gov.in/api/cpi/getCPIData?base_year=2024&series=Current&state_code=10&sector_code=2
CPI2024_GUJARAT_URBAN_DIV_03,2025-05,102.75,https://api.mospi.gov.in/api/cpi/getCPIData?base_year=2024&series=Current&state_code=10&sector_code=2
CPI2024_GUJARAT_URBAN_DIV_03,2025-06,102.87,https://api.mospi.gov.in/api/cpi/getCPIData?base_year=2024&series=Current&state_code=10&sector_code=2
CPI2024_GUJARAT_URBAN_DIV_03,2025-07,103.28,https://api.mospi.gov.in/api/cpi/getCPIData?base_year=2024&series=Current&state_code=10&sector_code=2
CPI2024_GUJARAT_URBAN_DIV_03,2025-08,103.45,https://api.mospi.gov.in/api/cpi/getCPIData?base_year=2024&series=Current&state_code=10&sector_code=2
CPI2024_GUJARAT_URBAN_DIV_03,2025-09,103.67,https://api.mospi.gov.in/api/cpi/getCPIData?base_year=2024&series=Current&state_code=10&sector_code=2
CPI2024_GUJARAT_URBAN_DIV_03,2025-10,103.42,https://api.mospi.gov.in/api/cpi/getCPIData?base_year=2024&series=Current&state_code=10&sector_code=2
CPI2024_GUJARAT_URBAN_DIV_03,2025-11,103.66,https://api.mospi.gov.in/api/cpi/getCPIData?base_year=2024&series=Current&state_code=10&sector_code=2
CPI2024_GUJARAT_URBAN_DIV_03,2025-12,103.73,https://api.mospi.gov.in/api/cpi/getCPIData?base_year=2024&series=Current&state_code=10&sector_code=2
CPI2024_GUJARAT_URBAN_DIV_03,2026-01,103.81,https://api.mospi.gov.in/api/cpi/getCPIData?base_year=2024&series=Current&state_code=10&sector_code=2
CPI2024_GUJARAT_URBAN_DIV_03,2026-02,103.82,https://api.mospi.gov.in/api/cpi/getCPIData?base_year=2024&series=Current&state_code=10&sector_code=2
CPI2024_GUJARAT_URBAN_DIV_03,2026-03,104.48,https://api.mospi.gov.in/api/cpi/getCPIData?base_year=2024&series=Current&state_code=10&sector_code=2
CPI2024_GUJARAT_URBAN_DIV_03,2026-04,105.0,https://api.mospi.gov.in/api/cpi/getCPIData?base_year=2024&series=Current&state_code=10&sector_code=2
CPI2024_GUJARAT_URBAN_DIV_03,2026-05,105.52,https://api.mospi.gov.in/api/cpi/getCPIData?base_year=2024&series=Current&state_code=10&sector_code=2
CPI2024_GUJARAT_URBAN_DIV_03,2026-06,106.16,https://api.mospi.gov.in/api/cpi/getCPIData?base_year=2024&series=Current&state_code=10&sector_code=2
CPI2024_GUJARAT_URBAN_DIV_03,2026-07,106.74,https://api.mospi.gov.in/api/cpi/getCPIData?base_year=2024&series=Current&state_code=10&sector_code=2
CPI2024_GUJARAT_URBAN_DIV_03,2026-08,107.1,https://api.mospi.gov.in/api/cpi/getCPIData?base_year=2024&series=Current&state_code=10&sector_code=2
CPI2024_GUJARAT_URBAN_DIV_04,2025-01,100.25,https://api.mospi.gov.in/api/cpi/getCPIData?base_year=2024&series=Current&state_code=10&sector_code=2
CPI2024_GUJARAT_URBAN_DIV_04,2025-02,100.33,https://api.mospi.gov.in/api/cpi/getCPIData?base_year=2024&series=Current&state_code=10&sector_code=2
CPI2024_GUJARAT_URBAN_DIV_04,2025-03,100.55,https://api.mospi.gov.in/api/cpi/getCPIData?base_year=2024&series=Current&state_code=10&sector_code=2
CPI2024_GUJARAT_URBAN_DIV_04,2025-04,100.89,https://api.mospi.gov.in/api/cpi/getCPIData?base_year=2024&series=Current&state_code=10&sector_code=2
CPI2024_GUJARAT_URBAN_DIV_04,2025-05,101.04,https://api.mospi.gov.in/api/cpi/getCPIData?base_year=2024&series=Current&state_code=10&sector_code=2
CPI2024_GUJARAT_URBAN_DIV_04,2025-06,101.17,https://api.mospi.gov.in/api/cpi/getCPIData?base_year=2024&series=Current&state_code=10&sector_code=2
CPI2024_GUJARAT_URBAN_DIV_04,2025-07,101.23,https://api.mospi.gov.in/api/cpi/getCPIData?base_year=2024&series=Current&state_code=10&sector_code=2
CPI2024_GUJARAT_URBAN_DIV_04,2025-08,101.47,https://api.mospi.gov.in/api/cpi/getCPIData?base_year=2024&series=Current&state_code=10&sector_code=2
CPI2024_GUJARAT_URBAN_DIV_04,2025-09,101.61,https://api.mospi.gov.in/api/cpi/getCPIData?base_year=2024&series=Current&state_code=10&sector_code=2
CPI2024_GUJARAT_URBAN_DIV_04,2025-10,101.66,https://api.mospi.gov.in/api/cpi/getCPIData?base_year=2024&series=Current&state_code=10&sector_code=2
CPI2024_GUJARAT_URBAN_DIV_04,2025-11,101.72,https://api.mospi.gov.in/api/cpi/getCPIData?base_year=2024&series=Current&state_code=10&sector_code=2
CPI2024_GUJARAT_URBAN_DIV_04,2025-12,101.92,https://api.mospi.gov.in/api/cpi/getCPIData?base_year=2024&series=Current&state_code=10&sector_code=2
CPI2024_GUJARAT_URBAN_DIV_04,2026-01,102.23,https://api.mospi.gov.in/api/cpi/getCPIData?base_year=2024&series=Current&state_code=10&sector_code=2
CPI2024_GUJARAT_URBAN_DIV_04,2026-02,102.42,https://api.mospi.gov.in/api/cpi/getCPIData?base_year=2024&series=Current&state_code=10&sector_code=2
CPI2024_GUJARAT_URBAN_DIV_04,2026-03,102.61,https://api.mospi.gov.in/api/cpi/getCPIData?base_year=2024&series=Current&state_code=10&sector_code=2
CPI2024_GUJARAT_URBAN_DIV_04,2026-04,102.79,https://api.mospi.gov.in/api/cpi/getCPIData?base_year=2024&series=Current&state_code=10&sector_code=2
CPI2024_GUJARAT_URBAN_DIV_04,2026-05,103.05,https://api.mospi.gov.in/api/cpi/getCPIData?base_year=2024&series=Current&state_code=10&sector_code=2
CPI2024_GUJARAT_URBAN_DIV_04,2026-06,103.37,https://api.mospi.gov.in/api/cpi/getCPIData?base_year=2024&series=Current&state_code=10&sector_code=2
CPI2024_GUJARAT_URBAN_DIV_04,2026-07,103.52,https://api.mospi.gov.in/api/cpi/getCPIData?base_year=2024&series=Current&state_code=10&sector_code=2
CPI2024_GUJARAT_URBAN_DIV_04,2026-08,103.73,https://api.mospi.gov.in/api/cpi/getCPIData?base_year=2024&series=Current&state_code=10&sector_code=2
CPI2024_GUJARAT_URBAN_DIV_05,2025-01,100.85,https://api.mospi.gov.in/api/cpi/getCPIData?base_year=2024&series=Current&state_code=10&sector_code=2
CPI2024_GUJARAT_URBAN_DIV_05,2025-02,101.03,https://api.mospi.gov.in/api/cpi/getCPIData?base_year=2024&series=Current&state_code=10&sector_code=2
CPI2024_GUJARAT_URBAN_DIV_05,2025-03,101.35,https://api.mospi.gov.in/api/cpi/getCPIData?base_year=2024&series=Current&state_code=10&sector_code=2
CPI2024_GUJARAT_URBAN_DIV_05,2025-04,101.49,https://api.mospi.gov.in/api/cpi/getCPIData?base_year=2024&series=Current&state_code=10&sector_code=2
CPI2024_GUJARAT_URBAN_DIV_05,2025-05,101.72,https://api.mospi.gov.in/api/cpi/getCPIData?base_year=2024&series=Current&state_code=10&sector_code=2
CPI2024_GUJARAT_URBAN_DIV_05,2025-06,101.97,https://api.mospi.gov.in/api/cpi/getCPIData?base_year=2024&series=Current&state_code=10&sector_code=2
CPI2024_GUJARAT_URBAN_DIV_05,2025-07,102.12,https://api.mospi.gov.in/api/cpi/getCPIData?base_year=2024&series=Current&state_code=10&sector_code=2
CPI2024_GUJARAT_URBAN_DIV_05,2025-08,102.28,https://api.mospi.gov.in/api/cpi/getCPIData?base_year=2024&series=Current&state_code=10&sector_code=2
CPI2024_GUJARAT_URBAN_DIV_05,2025-09,102.39,https://api.mospi.gov.in/api/cpi/getCPIData?base_year=2024&series=Current&state_code=10&sector_code=2
CPI2024_GUJARAT_URBAN_DIV_05,2025-10,102.26,https://api.mospi.gov.in/api/cpi/getCPIData?base_year=2024&series=Current&state_code=10&sector_code=2
CPI2024_GUJARAT_URBAN_DIV_05,2025-11,102.31,https://api.mospi.gov.in/api/cpi/getCPIData?base_year=2024&series=Current&state_code=10&sector_code=2
CPI2024_GUJARAT_URBAN_DIV_05,2025-12,102.3,https://api.mospi.gov.in/api/cpi/getCPIData?base_year=2024&series=Current&state_code=10&sector_code=2
CPI2024_GUJARAT_URBAN_DIV_05,2026-01,102.38,https://api.mospi.gov.in/api/cpi/getCPIData?base_year=2024&series=Current&state_code=10&sector_code=2
CPI2024_GUJARAT_URBAN_DIV_05,2026-02,102.41,https://api.mospi.gov.in/api/cpi/getCPIData?base_year=2024&series=Current&state_code=10&sector_code=2
CPI2024_GUJARAT_URBAN_DIV_05,2026-03,102.6,https://api.mospi.gov.in/api/cpi/getCPIData?base_year=2024&series=Current&state_code=10&sector_code=2
CPI2024_GUJARAT_URBAN_DIV_05,2026-04,103.21,https://api.mospi.gov.in/api/cpi/getCPIData?base_year=2024&series=Current&state_code=10&sector_code=2
CPI2024_GUJARAT_URBAN_DIV_05,2026-05,103.66,https://api.mospi.gov.in/api/cpi/getCPIData?base_year=2024&series=Current&state_code=10&sector_code=2
CPI2024_GUJARAT_URBAN_DIV_05,2026-06,104.36,https://api.mospi.gov.in/api/cpi/getCPIData?base_year=2024&series=Current&state_code=10&sector_code=2
CPI2024_GUJARAT_URBAN_DIV_05,2026-07,104.7,https://api.mospi.gov.in/api/cpi/getCPIData?base_year=2024&series=Current&state_code=10&sector_code=2
CPI2024_GUJARAT_URBAN_DIV_05,2026-08,105.14,https://api.mospi.gov.in/api/cpi/getCPIData?base_year=2024&series=Current&state_code=10&sector_code=2
CPI2024_GUJARAT_URBAN_DIV_06,2025-01,101.74,https://api.mospi.gov.in/api/cpi/getCPIData?base_year=2024&series=Current&state_code=10&sector_code=2
CPI2024_GUJARAT_URBAN_DIV_06,2025-02,102.13,https://api.mospi.gov.in/api/cpi/getCPIData?base_year=2024&series=Current&state_code=10&sector_code=2
CPI2024_GUJARAT_URBAN_DIV_06,2025-03,102.53,https://api.mospi.gov.in/api/cpi/getCPIData?base_year=2024&series=Current&state_code=10&sector_code=2
CPI2024_GUJARAT_URBAN_DIV_06,2025-04,102.96,https://api.mospi.gov.in/api/cpi/getCPIData?base_year=2024&series=Current&state_code=10&sector_code=2
CPI2024_GUJARAT_URBAN_DIV_06,2025-05,103.11,https://api.mospi.gov.in/api/cpi/getCPIData?base_year=2024&series=Current&state_code=10&sector_code=2
CPI2024_GUJARAT_URBAN_DIV_06,2025-06,103.46,https://api.mospi.gov.in/api/cpi/getCPIData?base_year=2024&series=Current&state_code=10&sector_code=2
CPI2024_GUJARAT_URBAN_DIV_06,2025-07,103.89,https://api.mospi.gov.in/api/cpi/getCPIData?base_year=2024&series=Current&state_code=10&sector_code=2
CPI2024_GUJARAT_URBAN_DIV_06,2025-08,104.47,https://api.mospi.gov.in/api/cpi/getCPIData?base_year=2024&series=Current&state_code=10&sector_code=2
CPI2024_GUJARAT_URBAN_DIV_06,2025-09,104.56,https://api.mospi.gov.in/api/cpi/getCPIData?base_year=2024&series=Current&state_code=10&sector_code=2
CPI2024_GUJARAT_URBAN_DIV_06,2025-10,104.48,https://api.mospi.gov.in/api/cpi/getCPIData?base_year=2024&series=Current&state_code=10&sector_code=2
CPI2024_GUJARAT_URBAN_DIV_06,2025-11,104.62,https://api.mospi.gov.in/api/cpi/getCPIData?base_year=2024&series=Current&state_code=10&sector_code=2
CPI2024_GUJARAT_URBAN_DIV_06,2025-12,104.67,https://api.mospi.gov.in/api/cpi/getCPIData?base_year=2024&series=Current&state_code=10&sector_code=2
CPI2024_GUJARAT_URBAN_DIV_06,2026-01,104.77,https://api.mospi.gov.in/api/cpi/getCPIData?base_year=2024&series=Current&state_code=10&sector_code=2
CPI2024_GUJARAT_URBAN_DIV_06,2026-02,104.86,https://api.mospi.gov.in/api/cpi/getCPIData?base_year=2024&series=Current&state_code=10&sector_code=2
CPI2024_GUJARAT_URBAN_DIV_06,2026-03,104.95,https://api.mospi.gov.in/api/cpi/getCPIData?base_year=2024&series=Current&state_code=10&sector_code=2
CPI2024_GUJARAT_URBAN_DIV_06,2026-04,105.1,https://api.mospi.gov.in/api/cpi/getCPIData?base_year=2024&series=Current&state_code=10&sector_code=2
CPI2024_GUJARAT_URBAN_DIV_06,2026-05,105.44,https://api.mospi.gov.in/api/cpi/getCPIData?base_year=2024&series=Current&state_code=10&sector_code=2
CPI2024_GUJARAT_URBAN_DIV_06,2026-06,105.78,https://api.mospi.gov.in/api/cpi/getCPIData?base_year=2024&series=Current&state_code=10&sector_code=2
CPI2024_GUJARAT_URBAN_DIV_06,2026-07,106.22,https://api.mospi.gov.in/api/cpi/getCPIData?base_year=2024&series=Current&state_code=10&sector_code=2
CPI2024_GUJARAT_URBAN_DIV_06,2026-08,106.35,https://api.mospi.gov.in/api/cpi/getCPIData?base_year=2024&series=Current&state_code=10&sector_code=2
CPI2024_GUJARAT_URBAN_DIV_07,2025-01,100.24,https://api.mospi.gov.in/api/cpi/getCPIData?base_year=2024&series=Current&state_code=10&sector_code=2
CPI2024_GUJARAT_URBAN_DIV_07,2025-02,100.37,https://api.mospi.gov.in/api/cpi/getCPIData?base_year=2024&series=Current&state_code=10&sector_code=2
CPI2024_GUJARAT_URBAN_DIV_07,2025-03,100.34,https://api.mospi.gov.in/api/cpi/getCPIData?base_year=2024&series=Current&state_code=10&sector_code=2
CPI2024_GUJARAT_URBAN_DIV_07,2025-04,100.72,https://api.mospi.gov.in/api/cpi/getCPIData?base_year=2024&series=Current&state_code=10&sector_code=2
CPI2024_GUJARAT_URBAN_DIV_07,2025-05,100.93,https://api.mospi.gov.in/api/cpi/getCPIData?base_year=2024&series=Current&state_code=10&sector_code=2
CPI2024_GUJARAT_URBAN_DIV_07,2025-06,100.99,https://api.mospi.gov.in/api/cpi/getCPIData?base_year=2024&series=Current&state_code=10&sector_code=2
CPI2024_GUJARAT_URBAN_DIV_07,2025-07,101.05,https://api.mospi.gov.in/api/cpi/getCPIData?base_year=2024&series=Current&state_code=10&sector_code=2
CPI2024_GUJARAT_URBAN_DIV_07,2025-08,101.16,https://api.mospi.gov.in/api/cpi/getCPIData?base_year=2024&series=Current&state_code=10&sector_code=2
CPI2024_GUJARAT_URBAN_DIV_07,2025-09,101.05,https://api.mospi.gov.in/api/cpi/getCPIData?base_year=2024&series=Current&state_code=10&sector_code=2
CPI2024_GUJARAT_URBAN_DIV_07,2025-10,100.87,https://api.mospi.gov.in/api/cpi/getCPIData?base_year=2024&series=Current&state_code=10&sector_code=2
CPI2024_GUJARAT_URBAN_DIV_07,2025-11,100.85,https://api.mospi.gov.in/api/cpi/getCPIData?base_year=2024&series=Current&state_code=10&sector_code=2
CPI2024_GUJARAT_URBAN_DIV_07,2025-12,100.74,https://api.mospi.gov.in/api/cpi/getCPIData?base_year=2024&series=Current&state_code=10&sector_code=2
CPI2024_GUJARAT_URBAN_DIV_07,2026-01,100.77,https://api.mospi.gov.in/api/cpi/getCPIData?base_year=2024&series=Current&state_code=10&sector_code=2
CPI2024_GUJARAT_URBAN_DIV_07,2026-02,100.97,https://api.mospi.gov.in/api/cpi/getCPIData?base_year=2024&series=Current&state_code=10&sector_code=2
CPI2024_GUJARAT_URBAN_DIV_07,2026-03,100.8,https://api.mospi.gov.in/api/cpi/getCPIData?base_year=2024&series=Current&state_code=10&sector_code=2
CPI2024_GUJARAT_URBAN_DIV_07,2026-04,100.87,https://api.mospi.gov.in/api/cpi/getCPIData?base_year=2024&series=Current&state_code=10&sector_code=2
CPI2024_GUJARAT_URBAN_DIV_07,2026-05,102.91,https://api.mospi.gov.in/api/cpi/getCPIData?base_year=2024&series=Current&state_code=10&sector_code=2
CPI2024_GUJARAT_URBAN_DIV_07,2026-06,106.28,https://api.mospi.gov.in/api/cpi/getCPIData?base_year=2024&series=Current&state_code=10&sector_code=2
CPI2024_GUJARAT_URBAN_DIV_07,2026-07,106.46,https://api.mospi.gov.in/api/cpi/getCPIData?base_year=2024&series=Current&state_code=10&sector_code=2
CPI2024_GUJARAT_URBAN_DIV_07,2026-08,106.92,https://api.mospi.gov.in/api/cpi/getCPIData?base_year=2024&series=Current&state_code=10&sector_code=2
CPI2024_GUJARAT_URBAN_DIV_08,2025-01,103.2,https://api.mospi.gov.in/api/cpi/getCPIData?base_year=2024&series=Current&state_code=10&sector_code=2
CPI2024_GUJARAT_URBAN_DIV_08,2025-02,103.35,https://api.mospi.gov.in/api/cpi/getCPIData?base_year=2024&series=Current&state_code=10&sector_code=2
CPI2024_GUJARAT_URBAN_DIV_08,2025-03,103.26,https://api.mospi.gov.in/api/cpi/getCPIData?base_year=2024&series=Current&state_code=10&sector_code=2
CPI2024_GUJARAT_URBAN_DIV_08,2025-04,103.27,https://api.mospi.gov.in/api/cpi/getCPIData?base_year=2024&series=Current&state_code=10&sector_code=2
CPI2024_GUJARAT_URBAN_DIV_08,2025-05,103.38,https://api.mospi.gov.in/api/cpi/getCPIData?base_year=2024&series=Current&state_code=10&sector_code=2
CPI2024_GUJARAT_URBAN_DIV_08,2025-06,103.42,https://api.mospi.gov.in/api/cpi/getCPIData?base_year=2024&series=Current&state_code=10&sector_code=2
CPI2024_GUJARAT_URBAN_DIV_08,2025-07,103.43,https://api.mospi.gov.in/api/cpi/getCPIData?base_year=2024&series=Current&state_code=10&sector_code=2
CPI2024_GUJARAT_URBAN_DIV_08,2025-08,103.45,https://api.mospi.gov.in/api/cpi/getCPIData?base_year=2024&series=Current&state_code=10&sector_code=2
CPI2024_GUJARAT_URBAN_DIV_08,2025-09,103.31,https://api.mospi.gov.in/api/cpi/getCPIData?base_year=2024&series=Current&state_code=10&sector_code=2
CPI2024_GUJARAT_URBAN_DIV_08,2025-10,103.2,https://api.mospi.gov.in/api/cpi/getCPIData?base_year=2024&series=Current&state_code=10&sector_code=2
CPI2024_GUJARAT_URBAN_DIV_08,2025-11,103.15,https://api.mospi.gov.in/api/cpi/getCPIData?base_year=2024&series=Current&state_code=10&sector_code=2
CPI2024_GUJARAT_URBAN_DIV_08,2025-12,103.1,https://api.mospi.gov.in/api/cpi/getCPIData?base_year=2024&series=Current&state_code=10&sector_code=2
CPI2024_GUJARAT_URBAN_DIV_08,2026-01,103.17,https://api.mospi.gov.in/api/cpi/getCPIData?base_year=2024&series=Current&state_code=10&sector_code=2
CPI2024_GUJARAT_URBAN_DIV_08,2026-02,103.21,https://api.mospi.gov.in/api/cpi/getCPIData?base_year=2024&series=Current&state_code=10&sector_code=2
CPI2024_GUJARAT_URBAN_DIV_08,2026-03,103.31,https://api.mospi.gov.in/api/cpi/getCPIData?base_year=2024&series=Current&state_code=10&sector_code=2
CPI2024_GUJARAT_URBAN_DIV_08,2026-04,103.41,https://api.mospi.gov.in/api/cpi/getCPIData?base_year=2024&series=Current&state_code=10&sector_code=2
CPI2024_GUJARAT_URBAN_DIV_08,2026-05,103.61,https://api.mospi.gov.in/api/cpi/getCPIData?base_year=2024&series=Current&state_code=10&sector_code=2
CPI2024_GUJARAT_URBAN_DIV_08,2026-06,103.79,https://api.mospi.gov.in/api/cpi/getCPIData?base_year=2024&series=Current&state_code=10&sector_code=2
CPI2024_GUJARAT_URBAN_DIV_08,2026-07,104.09,https://api.mospi.gov.in/api/cpi/getCPIData?base_year=2024&series=Current&state_code=10&sector_code=2
CPI2024_GUJARAT_URBAN_DIV_08,2026-08,105.04,https://api.mospi.gov.in/api/cpi/getCPIData?base_year=2024&series=Current&state_code=10&sector_code=2
CPI2024_GUJARAT_URBAN_DIV_09,2025-01,100.32,https://api.mospi.gov.in/api/cpi/getCPIData?base_year=2024&series=Current&state_code=10&sector_code=2
CPI2024_GUJARAT_URBAN_DIV_09,2025-02,100.28,https://api.mospi.gov.in/api/cpi/getCPIData?base_year=2024&series=Current&state_code=10&sector_code=2
CPI2024_GUJARAT_URBAN_DIV_09,2025-03,100.15,https://api.mospi.gov.in/api/cpi/getCPIData?base_year=2024&series=Current&state_code=10&sector_code=2
CPI2024_GUJARAT_URBAN_DIV_09,2025-04,100.69,https://api.mospi.gov.in/api/cpi/getCPIData?base_year=2024&series=Current&state_code=10&sector_code=2
CPI2024_GUJARAT_URBAN_DIV_09,2025-05,101.05,https://api.mospi.gov.in/api/cpi/getCPIData?base_year=2024&series=Current&state_code=10&sector_code=2
CPI2024_GUJARAT_URBAN_DIV_09,2025-06,101.03,https://api.mospi.gov.in/api/cpi/getCPIData?base_year=2024&series=Current&state_code=10&sector_code=2
CPI2024_GUJARAT_URBAN_DIV_09,2025-07,101.05,https://api.mospi.gov.in/api/cpi/getCPIData?base_year=2024&series=Current&state_code=10&sector_code=2
CPI2024_GUJARAT_URBAN_DIV_09,2025-08,101.15,https://api.mospi.gov.in/api/cpi/getCPIData?base_year=2024&series=Current&state_code=10&sector_code=2
CPI2024_GUJARAT_URBAN_DIV_09,2025-09,100.5,https://api.mospi.gov.in/api/cpi/getCPIData?base_year=2024&series=Current&state_code=10&sector_code=2
CPI2024_GUJARAT_URBAN_DIV_09,2025-10,100.62,https://api.mospi.gov.in/api/cpi/getCPIData?base_year=2024&series=Current&state_code=10&sector_code=2
CPI2024_GUJARAT_URBAN_DIV_09,2025-11,101.19,https://api.mospi.gov.in/api/cpi/getCPIData?base_year=2024&series=Current&state_code=10&sector_code=2
CPI2024_GUJARAT_URBAN_DIV_09,2025-12,101.23,https://api.mospi.gov.in/api/cpi/getCPIData?base_year=2024&series=Current&state_code=10&sector_code=2
CPI2024_GUJARAT_URBAN_DIV_09,2026-01,101.18,https://api.mospi.gov.in/api/cpi/getCPIData?base_year=2024&series=Current&state_code=10&sector_code=2
CPI2024_GUJARAT_URBAN_DIV_09,2026-02,101.18,https://api.mospi.gov.in/api/cpi/getCPIData?base_year=2024&series=Current&state_code=10&sector_code=2
CPI2024_GUJARAT_URBAN_DIV_09,2026-03,101.21,https://api.mospi.gov.in/api/cpi/getCPIData?base_year=2024&series=Current&state_code=10&sector_code=2
CPI2024_GUJARAT_URBAN_DIV_09,2026-04,101.36,https://api.mospi.gov.in/api/cpi/getCPIData?base_year=2024&series=Current&state_code=10&sector_code=2
CPI2024_GUJARAT_URBAN_DIV_09,2026-05,101.52,https://api.mospi.gov.in/api/cpi/getCPIData?base_year=2024&series=Current&state_code=10&sector_code=2
CPI2024_GUJARAT_URBAN_DIV_09,2026-06,101.78,https://api.mospi.gov.in/api/cpi/getCPIData?base_year=2024&series=Current&state_code=10&sector_code=2
CPI2024_GUJARAT_URBAN_DIV_09,2026-07,102.25,https://api.mospi.gov.in/api/cpi/getCPIData?base_year=2024&series=Current&state_code=10&sector_code=2
CPI2024_GUJARAT_URBAN_DIV_09,2026-08,102.35,https://api.mospi.gov.in/api/cpi/getCPIData?base_year=2024&series=Current&state_code=10&sector_code=2
CPI2024_GUJARAT_URBAN_DIV_10,2025-01,101.4,https://api.mospi.gov.in/api/cpi/getCPIData?base_year=2024&series=Current&state_code=10&sector_code=2
CPI2024_GUJARAT_URBAN_DIV_10,2025-02,101.44,https://api.mospi.gov.in/api/cpi/getCPIData?base_year=2024&series=Current&state_code=10&sector_code=2
CPI2024_GUJARAT_URBAN_DIV_10,2025-03,101.87,https://api.mospi.gov.in/api/cpi/getCPIData?base_year=2024&series=Current&state_code=10&sector_code=2
CPI2024_GUJARAT_URBAN_DIV_10,2025-04,101.97,https://api.mospi.gov.in/api/cpi/getCPIData?base_year=2024&series=Current&state_code=10&sector_code=2
CPI2024_GUJARAT_URBAN_DIV_10,2025-05,102.18,https://api.mospi.gov.in/api/cpi/getCPIData?base_year=2024&series=Current&state_code=10&sector_code=2
CPI2024_GUJARAT_URBAN_DIV_10,2025-06,103.35,https://api.mospi.gov.in/api/cpi/getCPIData?base_year=2024&series=Current&state_code=10&sector_code=2
CPI2024_GUJARAT_URBAN_DIV_10,2025-07,104.39,https://api.mospi.gov.in/api/cpi/getCPIData?base_year=2024&series=Current&state_code=10&sector_code=2
CPI2024_GUJARAT_URBAN_DIV_10,2025-08,104.79,https://api.mospi.gov.in/api/cpi/getCPIData?base_year=2024&series=Current&state_code=10&sector_code=2
CPI2024_GUJARAT_URBAN_DIV_10,2025-09,105.05,https://api.mospi.gov.in/api/cpi/getCPIData?base_year=2024&series=Current&state_code=10&sector_code=2
CPI2024_GUJARAT_URBAN_DIV_10,2025-10,105.09,https://api.mospi.gov.in/api/cpi/getCPIData?base_year=2024&series=Current&state_code=10&sector_code=2
CPI2024_GUJARAT_URBAN_DIV_10,2025-11,104.99,https://api.mospi.gov.in/api/cpi/getCPIData?base_year=2024&series=Current&state_code=10&sector_code=2
CPI2024_GUJARAT_URBAN_DIV_10,2025-12,105.08,https://api.mospi.gov.in/api/cpi/getCPIData?base_year=2024&series=Current&state_code=10&sector_code=2
CPI2024_GUJARAT_URBAN_DIV_10,2026-01,105.08,https://api.mospi.gov.in/api/cpi/getCPIData?base_year=2024&series=Current&state_code=10&sector_code=2
CPI2024_GUJARAT_URBAN_DIV_10,2026-02,105.17,https://api.mospi.gov.in/api/cpi/getCPIData?base_year=2024&series=Current&state_code=10&sector_code=2
CPI2024_GUJARAT_URBAN_DIV_10,2026-03,105.94,https://api.mospi.gov.in/api/cpi/getCPIData?base_year=2024&series=Current&state_code=10&sector_code=2
CPI2024_GUJARAT_URBAN_DIV_10,2026-04,106.35,https://api.mospi.gov.in/api/cpi/getCPIData?base_year=2024&series=Current&state_code=10&sector_code=2
CPI2024_GUJARAT_URBAN_DIV_10,2026-05,106.56,https://api.mospi.gov.in/api/cpi/getCPIData?base_year=2024&series=Current&state_code=10&sector_code=2
CPI2024_GUJARAT_URBAN_DIV_10,2026-06,108.65,https://api.mospi.gov.in/api/cpi/getCPIData?base_year=2024&series=Current&state_code=10&sector_code=2
CPI2024_GUJARAT_URBAN_DIV_10,2026-07,109.39,https://api.mospi.gov.in/api/cpi/getCPIData?base_year=2024&series=Current&state_code=10&sector_code=2
CPI2024_GUJARAT_URBAN_DIV_10,2026-08,109.86,https://api.mospi.gov.in/api/cpi/getCPIData?base_year=2024&series=Current&state_code=10&sector_code=2
CPI2024_GUJARAT_URBAN_DIV_11,2025-01,103.13,https://api.mospi.gov.in/api/cpi/getCPIData?base_year=2024&series=Current&state_code=10&sector_code=2
CPI2024_GUJARAT_URBAN_DIV_11,2025-02,103.69,https://api.mospi.gov.in/api/cpi/getCPIData?base_year=2024&series=Current&state_code=10&sector_code=2
CPI2024_GUJARAT_URBAN_DIV_11,2025-03,103.75,https://api.mospi.gov.in/api/cpi/getCPIData?base_year=2024&series=Current&state_code=10&sector_code=2
CPI2024_GUJARAT_URBAN_DIV_11,2025-04,103.93,https://api.mospi.gov.in/api/cpi/getCPIData?base_year=2024&series=Current&state_code=10&sector_code=2
CPI2024_GUJARAT_URBAN_DIV_11,2025-05,104.5,https://api.mospi.gov.in/api/cpi/getCPIData?base_year=2024&series=Current&state_code=10&sector_code=2
CPI2024_GUJARAT_URBAN_DIV_11,2025-06,104.91,https://api.mospi.gov.in/api/cpi/getCPIData?base_year=2024&series=Current&state_code=10&sector_code=2
CPI2024_GUJARAT_URBAN_DIV_11,2025-07,105.14,https://api.mospi.gov.in/api/cpi/getCPIData?base_year=2024&series=Current&state_code=10&sector_code=2
CPI2024_GUJARAT_URBAN_DIV_11,2025-08,104.99,https://api.mospi.gov.in/api/cpi/getCPIData?base_year=2024&series=Current&state_code=10&sector_code=2
CPI2024_GUJARAT_URBAN_DIV_11,2025-09,105.15,https://api.mospi.gov.in/api/cpi/getCPIData?base_year=2024&series=Current&state_code=10&sector_code=2
CPI2024_GUJARAT_URBAN_DIV_11,2025-10,105.21,https://api.mospi.gov.in/api/cpi/getCPIData?base_year=2024&series=Current&state_code=10&sector_code=2
CPI2024_GUJARAT_URBAN_DIV_11,2025-11,105.49,https://api.mospi.gov.in/api/cpi/getCPIData?base_year=2024&series=Current&state_code=10&sector_code=2
CPI2024_GUJARAT_URBAN_DIV_11,2025-12,105.79,https://api.mospi.gov.in/api/cpi/getCPIData?base_year=2024&series=Current&state_code=10&sector_code=2
CPI2024_GUJARAT_URBAN_DIV_11,2026-01,106.0,https://api.mospi.gov.in/api/cpi/getCPIData?base_year=2024&series=Current&state_code=10&sector_code=2
CPI2024_GUJARAT_URBAN_DIV_11,2026-02,106.23,https://api.mospi.gov.in/api/cpi/getCPIData?base_year=2024&series=Current&state_code=10&sector_code=2
CPI2024_GUJARAT_URBAN_DIV_11,2026-03,106.29,https://api.mospi.gov.in/api/cpi/getCPIData?base_year=2024&series=Current&state_code=10&sector_code=2
CPI2024_GUJARAT_URBAN_DIV_11,2026-04,106.69,https://api.mospi.gov.in/api/cpi/getCPIData?base_year=2024&series=Current&state_code=10&sector_code=2
CPI2024_GUJARAT_URBAN_DIV_11,2026-05,108.95,https://api.mospi.gov.in/api/cpi/getCPIData?base_year=2024&series=Current&state_code=10&sector_code=2
CPI2024_GUJARAT_URBAN_DIV_11,2026-06,110.87,https://api.mospi.gov.in/api/cpi/getCPIData?base_year=2024&series=Current&state_code=10&sector_code=2
CPI2024_GUJARAT_URBAN_DIV_11,2026-07,111.41,https://api.mospi.gov.in/api/cpi/getCPIData?base_year=2024&series=Current&state_code=10&sector_code=2
CPI2024_GUJARAT_URBAN_DIV_11,2026-08,112.39,https://api.mospi.gov.in/api/cpi/getCPIData?base_year=2024&series=Current&state_code=10&sector_code=2
CPI2024_GUJARAT_URBAN_DIV_13,2025-01,101.78,https://api.mospi.gov.in/api/cpi/getCPIData?base_year=2024&series=Current&state_code=10&sector_code=2
CPI2024_GUJARAT_URBAN_DIV_13,2025-02,102.29,https://api.mospi.gov.in/api/cpi/getCPIData?base_year=2024&series=Current&state_code=10&sector_code=2
CPI2024_GUJARAT_URBAN_DIV_13,2025-03,102.68,https://api.mospi.gov.in/api/cpi/getCPIData?base_year=2024&series=Current&state_code=10&sector_code=2
CPI2024_GUJARAT_URBAN_DIV_13,2025-04,103.27,https://api.mospi.gov.in/api/cpi/getCPIData?base_year=2024&series=Current&state_code=10&sector_code=2
CPI2024_GUJARAT_URBAN_DIV_13,2025-05,103.81,https://api.mospi.gov.in/api/cpi/getCPIData?base_year=2024&series=Current&state_code=10&sector_code=2
CPI2024_GUJARAT_URBAN_DIV_13,2025-06,103.98,https://api.mospi.gov.in/api/cpi/getCPIData?base_year=2024&series=Current&state_code=10&sector_code=2
CPI2024_GUJARAT_URBAN_DIV_13,2025-07,104.79,https://api.mospi.gov.in/api/cpi/getCPIData?base_year=2024&series=Current&state_code=10&sector_code=2
CPI2024_GUJARAT_URBAN_DIV_13,2025-08,105.42,https://api.mospi.gov.in/api/cpi/getCPIData?base_year=2024&series=Current&state_code=10&sector_code=2
CPI2024_GUJARAT_URBAN_DIV_13,2025-09,106.25,https://api.mospi.gov.in/api/cpi/getCPIData?base_year=2024&series=Current&state_code=10&sector_code=2
CPI2024_GUJARAT_URBAN_DIV_13,2025-10,107.25,https://api.mospi.gov.in/api/cpi/getCPIData?base_year=2024&series=Current&state_code=10&sector_code=2
CPI2024_GUJARAT_URBAN_DIV_13,2025-11,107.47,https://api.mospi.gov.in/api/cpi/getCPIData?base_year=2024&series=Current&state_code=10&sector_code=2
CPI2024_GUJARAT_URBAN_DIV_13,2025-12,108.44,https://api.mospi.gov.in/api/cpi/getCPIData?base_year=2024&series=Current&state_code=10&sector_code=2
CPI2024_GUJARAT_URBAN_DIV_13,2026-01,111.61,https://api.mospi.gov.in/api/cpi/getCPIData?base_year=2024&series=Current&state_code=10&sector_code=2
CPI2024_GUJARAT_URBAN_DIV_13,2026-02,112.13,https://api.mospi.gov.in/api/cpi/getCPIData?base_year=2024&series=Current&state_code=10&sector_code=2
CPI2024_GUJARAT_URBAN_DIV_13,2026-03,112.25,https://api.mospi.gov.in/api/cpi/getCPIData?base_year=2024&series=Current&state_code=10&sector_code=2
CPI2024_GUJARAT_URBAN_DIV_13,2026-04,112.14,https://api.mospi.gov.in/api/cpi/getCPIData?base_year=2024&series=Current&state_code=10&sector_code=2
CPI2024_GUJARAT_URBAN_DIV_13,2026-05,112.69,https://api.mospi.gov.in/api/cpi/getCPIData?base_year=2024&series=Current&state_code=10&sector_code=2
CPI2024_GUJARAT_URBAN_DIV_13,2026-06,113.05,https://api.mospi.gov.in/api/cpi/getCPIData?base_year=2024&series=Current&state_code=10&sector_code=2
CPI2024_GUJARAT_URBAN_DIV_13,2026-07,112.75,https://api.mospi.gov.in/api/cpi/getCPIData?base_year=2024&series=Current&state_code=10&sector_code=2
CPI2024_GUJARAT_URBAN_DIV_13,2026-08,113.72,https://api.mospi.gov.in/api/cpi/getCPIData?base_year=2024&series=Current&state_code=10&sector_code=2
CPI2024_GUJARAT_URBAN_GENERAL,2025-01,101.08,https://api.mospi.gov.in/api/cpi/getCPIData?base_year=2024&series=Current&state_code=10&sector_code=2
CPI2024_GUJARAT_URBAN_GENERAL,2025-02,101.0,https://api.mospi.gov.in/api/cpi/getCPIData?base_year=2024&series=Current&state_code=10&sector_code=2
CPI2024_GUJARAT_URBAN_GENERAL,2025-03,101.06,https://api.mospi.gov.in/api/cpi/getCPIData?base_year=2024&series=Current&state_code=10&sector_code=2
CPI2024_GUJARAT_URBAN_GENERAL,2025-04,101.23,https://api.mospi.gov.in/api/cpi/getCPIData?base_year=2024&series=Current&state_code=10&sector_code=2
CPI2024_GUJARAT_URBAN_GENERAL,2025-05,101.66,https://api.mospi.gov.in/api/cpi/getCPIData?base_year=2024&series=Current&state_code=10&sector_code=2
CPI2024_GUJARAT_URBAN_GENERAL,2025-06,102.33,https://api.mospi.gov.in/api/cpi/getCPIData?base_year=2024&series=Current&state_code=10&sector_code=2
CPI2024_GUJARAT_URBAN_GENERAL,2025-07,103.12,https://api.mospi.gov.in/api/cpi/getCPIData?base_year=2024&series=Current&state_code=10&sector_code=2
CPI2024_GUJARAT_URBAN_GENERAL,2025-08,102.99,https://api.mospi.gov.in/api/cpi/getCPIData?base_year=2024&series=Current&state_code=10&sector_code=2
CPI2024_GUJARAT_URBAN_GENERAL,2025-09,103.32,https://api.mospi.gov.in/api/cpi/getCPIData?base_year=2024&series=Current&state_code=10&sector_code=2
CPI2024_GUJARAT_URBAN_GENERAL,2025-10,102.92,https://api.mospi.gov.in/api/cpi/getCPIData?base_year=2024&series=Current&state_code=10&sector_code=2
CPI2024_GUJARAT_URBAN_GENERAL,2025-11,103.37,https://api.mospi.gov.in/api/cpi/getCPIData?base_year=2024&series=Current&state_code=10&sector_code=2
CPI2024_GUJARAT_URBAN_GENERAL,2025-12,103.28,https://api.mospi.gov.in/api/cpi/getCPIData?base_year=2024&series=Current&state_code=10&sector_code=2
CPI2024_GUJARAT_URBAN_GENERAL,2026-01,103.26,https://api.mospi.gov.in/api/cpi/getCPIData?base_year=2024&series=Current&state_code=10&sector_code=2
CPI2024_GUJARAT_URBAN_GENERAL,2026-02,103.59,https://api.mospi.gov.in/api/cpi/getCPIData?base_year=2024&series=Current&state_code=10&sector_code=2
CPI2024_GUJARAT_URBAN_GENERAL,2026-03,103.82,https://api.mospi.gov.in/api/cpi/getCPIData?base_year=2024&series=Current&state_code=10&sector_code=2
CPI2024_GUJARAT_URBAN_GENERAL,2026-04,103.86,https://api.mospi.gov.in/api/cpi/getCPIData?base_year=2024&series=Current&state_code=10&sector_code=2
CPI2024_GUJARAT_URBAN_GENERAL,2026-05,104.66,https://api.mospi.gov.in/api/cpi/getCPIData?base_year=2024&series=Current&state_code=10&sector_code=2
CPI2024_GUJARAT_URBAN_GENERAL,2026-06,106.17,https://api.mospi.gov.in/api/cpi/getCPIData?base_year=2024&series=Current&state_code=10&sector_code=2
CPI2024_GUJARAT_URBAN_GENERAL,2026-07,107.11,https://api.mospi.gov.in/api/cpi/getCPIData?base_year=2024&series=Current&state_code=10&sector_code=2
CPI2024_GUJARAT_URBAN_GENERAL,2026-08,107.81,https://api.mospi.gov.in/api/cpi/getCPIData?base_year=2024&series=Current&state_code=10&sector_code=2
CPIIW_RAJKOT,2025-05,139.6,https://www.labourbureau.gov.in
CPIIW_RAJKOT,2025-06,140.3,https://www.labourbureau.gov.in
CPIIW_RAJKOT,2025-07,140.7,https://www.labourbureau.gov.in
CPIIW_RAJKOT,2025-08,141.2,https://www.labourbureau.gov.in
CPIIW_RAJKOT,2025-09,141.8,https://www.labourbureau.gov.in
CPIIW_RAJKOT,2025-10,141.7,https://www.labourbureau.gov.in
CPIIW_RAJKOT,2025-11,141.3,https://www.labourbureau.gov.in
CPIIW_RAJKOT,2025-12,141.4,https://www.labourbureau.gov.in
CPIIW_RAJKOT,2026-01,141.7,https://www.labourbureau.gov.in
CPIIW_RAJKOT,2026-02,142.3,https://www.labourbureau.gov.in
CPIIW_RAJKOT,2026-03,142.6,https://www.labourbureau.gov.in
CPIIW_RAJKOT,2026-04,143.0,https://www.labourbureau.gov.in
CPIIW_RAJKOT,2026-06,143.5,https://www.labourbureau.gov.in
CPIIW_RAJKOT,2026-07,146.0,https://www.labourbureau.gov.in/uploads/public/notice/MILCPI-IWAugust2026Epdf-6d4b693becd142564f7f46d49bbfc2af.pdf
CPIIW_RAJKOT,2026-08,146.2,https://www.labourbureau.gov.in/uploads/public/notice/MILCPI-IWAugust2026Epdf-6d4b693becd142564f7f46d49bbfc2af.pdf
