half,ai_step_pct,E1,E2,E3,E4,E5,ensemble_all_pct,ensemble_pct,model_sd_pct
2021H1,1.49,0.53,0.8,0.41,0.6,0.7,0.61,0.65,0.15
2021H2,1.38,0.49,0.74,0.3,0.49,0.65,0.53,0.57,0.17
2022H1,1.78,0.63,0.96,0.7,0.9,0.84,0.8,0.87,0.14
2022H2,1.75,0.62,0.94,0.67,0.86,0.82,0.78,0.84,0.14
2023H1,1.96,0.7,1.06,0.88,1.08,0.92,0.93,1.0,0.15
2023H2,1.85,0.65,1.0,0.77,0.96,0.87,0.85,0.91,0.14
2024H1,2.13,0.75,1.15,1.04,1.24,1.0,1.04,1.12,0.18
2024H2,2.46,0.87,1.33,1.38,1.58,1.15,1.26,1.36,0.26
2025H1,2.25,0.8,1.21,1.17,1.37,1.06,1.12,1.21,0.21
2025H2,2.28,0.81,1.23,1.2,1.39,1.07,1.14,1.23,0.22
2026H1,2.08,0.74,1.12,1.0,1.2,0.98,1.01,1.09,0.18
2026H2,1.69,0.6,0.91,0.61,0.81,0.79,0.74,0.8,0.14
