cutoff,h,period,replay_level_at_cutoff,actual_level_at_cutoff,nowcast,actual,own_trend_only,zero_change,gu_official,gu_official_at_cutoff,nowcast_obs_weight,err_pct,err_own_trend_only_pct,err_zero_change_pct,err_vs_official_pct
2025-06,1,2025-07,100.7861,100.7861,100.9808,101.7616,101.0002,100.7861,102.0182,101.2366,0.2494,-0.7673,-0.7481,-0.9586,-1.0169
2025-06,2,2025-08,100.7861,100.7861,101.2192,101.814,101.2333,100.7861,101.8896,101.2366,0.2494,-0.5842,-0.5704,-1.0096,-0.6579
2025-06,3,2025-09,100.7861,100.7861,101.4225,101.7938,101.4856,100.7861,102.2161,101.2366,0.2494,-0.3647,-0.3028,-0.9899,-0.7763
2025-07,1,2025-08,101.7616,101.7616,102.1495,101.814,102.1437,101.7616,101.8896,102.0182,0.2494,0.3295,0.3238,-0.0516,0.2551
2025-07,2,2025-09,101.7616,101.7616,102.5128,101.7938,102.555,101.7616,102.2161,102.0182,0.2494,0.7064,0.7478,-0.0316,0.2903
2025-07,3,2025-10,101.7616,101.7616,102.8788,101.6848,102.9973,101.7616,101.8203,102.0182,0.2494,1.1742,1.2907,0.0755,1.0396
2025-08,1,2025-09,101.814,101.814,102.1164,101.7938,102.1657,101.814,102.2161,101.8896,0.2494,0.3169,0.3654,0.0199,-0.0975
2025-08,2,2025-10,101.814,101.814,102.418,101.6848,102.5447,101.814,101.8203,101.8896,0.2494,0.721,0.8457,0.1271,0.5869
2025-08,3,2025-11,101.814,101.814,102.8502,102.6905,102.9529,101.814,102.2655,101.8896,0.2494,0.1556,0.2555,-0.8535,0.5717
2025-09,1,2025-10,101.7938,101.7938,102.0056,101.6848,102.0771,101.7938,101.8203,102.2161,0.2494,0.3154,0.3858,0.1071,0.1819
2025-09,2,2025-11,101.7938,101.7938,102.3333,102.6905,102.3746,101.7938,102.2655,102.2161,0.2494,-0.3478,-0.3076,-0.8732,0.0663
2025-09,3,2025-12,101.7938,101.7938,102.7442,102.9154,102.6866,101.7938,102.1765,102.2161,0.2494,-0.1664,-0.2224,-1.0899,0.5556
2025-10,1,2025-11,101.6848,101.6848,101.9591,102.6905,101.9192,101.6848,102.2655,101.8203,0.2494,-0.7122,-0.751,-0.9793,-0.2996
2025-10,2,2025-12,101.6848,101.6848,102.3122,102.9154,102.1637,101.6848,102.1765,101.8203,0.2494,-0.5861,-0.7304,-1.1957,0.1328
2025-10,3,2026-01,101.6848,101.6848,102.6186,103.0533,102.4186,101.6848,102.1567,101.8203,0.2655,-0.4219,-0.6159,-1.328,0.4521
2025-11,1,2025-12,102.6905,102.6905,103.1459,102.9154,103.0401,102.6905,102.1765,102.2655,0.2494,0.224,0.1212,-0.2186,0.9488
2025-11,2,2026-01,102.6905,102.6905,103.5622,103.0533,103.4073,102.6905,102.1567,102.2655,0.2655,0.4938,0.3435,-0.3521,1.3758
2025-11,3,2026-02,102.6905,102.6905,104.1152,102.649,103.7929,102.6905,102.4832,102.2655,0.2971,1.4284,1.1144,0.0404,1.5925
2025-12,1,2026-01,102.9154,102.9154,103.2988,103.0533,103.2583,102.9154,102.1567,102.1765,0.2655,0.2382,0.1989,-0.1338,1.118
2025-12,2,2026-02,102.9154,102.9154,103.8162,102.649,103.6165,102.9154,102.4832,102.1765,0.2971,1.1371,0.9426,0.2595,1.3007
2025-12,3,2026-03,102.9154,102.9154,104.2621,102.6836,103.9908,102.9154,102.7107,102.1765,0.2971,1.5372,1.273,0.2258,1.5104
2026-01,1,2026-02,103.0533,103.0533,103.56,102.649,103.4042,103.0533,102.4832,102.1567,0.2971,0.8875,0.7357,0.3939,1.0507
2026-01,2,2026-03,103.0533,103.0533,103.9982,102.6836,103.774,103.0533,102.7107,102.1567,0.2971,1.2803,1.0619,0.3601,1.2535
2026-01,3,2026-04,103.0533,103.0533,104.4471,102.7604,104.1641,103.0533,102.7503,102.1567,0.2971,1.6413,1.366,0.2851,1.6513
2026-02,1,2026-03,102.649,102.649,103.0431,102.6836,102.9959,102.649,102.7107,102.4832,0.2971,0.3501,0.3042,-0.0337,0.3236
2026-02,2,2026-04,102.649,102.649,103.4445,102.7604,103.3597,102.649,102.7503,102.4832,0.2971,0.6657,0.5832,-0.1084,0.6756
2026-02,3,2026-05,102.649,102.649,103.9275,103.668,103.7414,102.649,103.5417,102.4832,0.2971,0.2503,0.0708,-0.983,0.3726
2026-03,1,2026-04,102.6836,102.6836,103.0777,102.7604,103.0559,102.6836,102.7503,102.7107,0.2971,0.3088,0.2875,-0.0748,0.3187
2026-03,2,2026-05,102.6836,102.6836,103.5512,103.668,103.4438,102.6836,103.5417,102.7107,0.2971,-0.1127,-0.2162,-0.9496,0.0091
2026-03,3,2026-06,102.6836,102.6836,104.3676,105.1496,103.8484,102.6836,105.0356,102.7107,0.2971,-0.7437,-1.2374,-2.3452,-0.636
2026-04,1,2026-05,102.7604,102.7604,103.1958,103.668,103.1026,102.7604,103.5417,102.7503,0.2971,-0.4555,-0.5454,-0.8755,-0.3341
2026-04,2,2026-06,102.7604,102.7604,103.9707,105.1496,103.4578,102.7604,105.0356,102.7503,0.2971,-1.1211,-1.609,-2.2722,-1.0138
2026-04,3,2026-07,102.7604,102.7604,104.6846,106.0821,103.8269,102.7604,105.9656,102.7503,0.2971,-1.3173,-2.1259,-3.1312,-1.2089
2026-05,1,2026-06,103.668,103.668,104.4525,105.1496,104.0404,103.668,105.0356,103.5417,0.2971,-0.663,-1.0549,-1.409,-0.5552
2026-05,2,2026-07,103.668,103.668,105.1761,106.0821,104.4264,103.668,105.9656,103.5417,0.2971,-0.854,-1.5608,-2.2756,-0.745
2026-05,3,2026-08,103.668,103.668,106.3722,107.6658,104.827,103.668,106.6581,103.5417,0.2971,-1.2016,-2.6367,-3.7132,-0.2681
2026-06,1,2026-07,105.1496,105.1496,105.8801,106.0821,105.5807,105.1496,105.9656,105.0356,0.2971,-0.1904,-0.4726,-0.879,-0.0807
2026-06,2,2026-08,105.1496,105.1496,107.0806,107.6658,106.0252,105.1496,106.6581,105.0356,0.2971,-0.5436,-1.5238,-2.3371,0.3961
2026-07,1,2026-08,106.0821,106.0821,107.2223,107.6658,106.4985,106.0821,106.6581,105.9656,0.2971,-0.4119,-1.0842,-1.471,0.529
