item_id,name,division,tier,base_unit,spec,weight,weight_group,official_item_code,official_item_name,match_quality,cpi2012_item,cpi2012_note,primary_source,plan_class,plan_note,bucket_override,superseded_local_feeds,doca_panel,doca_series_id,doca_unit
F001,Wheat flour (atta) packaged,01,A,kg,Fixed brand; 5 kg pack,1.12027,01.1,01.1.1.2.1.01,Wheat atta,exact,Wheat/ Atta – Other Sources,,rajkot_shops,independent,Rajkot yard modal (AgMarkNet via acrop.app) + Gondal/Jetpur/Jasdan yards as extra quotes (equal-weight Jevons); Tier B proxy for retail packaged item - validation pending vs official item index,,,,,
F002,Rice (basmati) packaged,01,A,kg,Fixed brand; 1-5 kg pack,2.48874,01.1,01.1.1.1.1.01,Rice,proxy,Rice – Other Sources,,doca_national,independent,"DoCA daily RETAIL price, ALL-INDIA balanced panel of ~500 centres (Jevons), via the open mirror verified against the DoCA home page each run; NOT a Rajkot price and not our fixed brand: PROXY bucket. Rajkot centre fails the gate for this item; the national panel passes it (re-gated every run vs official item index)",,,national,1,kg
F003,Tur dal packaged,01,B,kg,"DoCA all-India retail panel level, Tur/arhar dal (proxy)",0.87937,01.1,01.1.7.6.1.01,"Arhar, tur",exact,"Arhar, Tur",,doca_national,independent,"DoCA daily RETAIL price, ALL-INDIA balanced panel of ~500 centres (Jevons), Tur/arhar dal, via the open mirror verified against the DoCA home page each run; NOT a Rajkot price and not our fixed brand: PROXY bucket. Rajkot centre fails the gate; the national panel passes (re-gated every run). Superseded local feed (kept as diagnostic only, rpi/superseded.py): had about 1 month of history and could not be gated.",,Y,national,11,kg
F004,Moong dal packaged,01,A,kg,Fixed brand; 1 kg,0.46762,01.1,01.1.7.6.1.02,Moong,exact,Moong,,rajkot_shops,independent,Rajkot yard modal (AgMarkNet via acrop.app) + Gondal/Jetpur/Jasdan yards as extra quotes (equal-weight Jevons); Tier B proxy for retail packaged item - validation pending vs official item index,,,,,
F005,Chana dal packaged,01,B,kg,"DoCA all-India retail panel level, Gram dal (proxy)",0.19204,01.1,01.1.7.6.1.05,Gram: split,proxy,Gram: Split,,doca_national,independent,"DoCA daily RETAIL price, ALL-INDIA balanced panel of ~500 centres (Jevons), Gram dal, via the open mirror verified against the DoCA home page each run; NOT a Rajkot price and not our fixed brand: PROXY bucket. Rajkot centre fails the gate; the national panel passes (re-gated every run). Superseded local feed (kept as diagnostic only, rpi/superseded.py): had about 1 month of history and could not be gated.",,Y,national,10,kg
F006,Groundnut oil,01,A,L,Fixed brand; 1 L pouch,0.76269,01.1,01.1.5.1.1.03,Groundnut oil,exact,Groundnut Oil,,doca_rajkot,independent,"DoCA (Dept of Consumer Affairs) daily RETAIL price at the Rajkot centre, standard local variety, via an open mirror verified against the DoCA home page each run; gated vs official item index (groundnut oil packed, Rs/L)",,,rajkot,16,L
F007,Cottonseed oil,01,A,L,Fixed brand; 1 L pouch,0.07306,01.1,01.1.5.1.1.05,Edible oil,proxy,"Refined Oil [sunflower, Soyabean, Saffola, Etc.]",nearest: no cottonseed line in the 2012 list,rajkot_shops,independent,"DMart Ready AHMEDABAD shelf price (priceSALE; MRP kept as regular price) of a fixed pool of 4 mainstream SKUs, matched-model Jevons (data/dmart/pool.csv, fixed 2026-10-02). NOT a Rajkot price (Rajkot pincodes are not served): PROXY bucket. Accrues forward from 2026-10; earlier months use the official stand-in; gate vs official item index after 6 overlapping months (pending until then)",,,,,
F008,Sunflower oil,01,A,L,Fixed brand; 1 L pouch,1.97864,01.1,01.1.5.1.1.01,Refined oil,proxy,"Refined Oil [sunflower, Soyabean, Saffola, Etc.]",,doca_national,independent,"DoCA daily RETAIL price, ALL-INDIA balanced panel of ~500 centres (Jevons), via the open mirror verified against the DoCA home page each run; NOT a Rajkot price and not our fixed brand: PROXY bucket. Rajkot centre fails the gate for this item; the national panel passes it (re-gated every run vs official item index)",,,national,20,L
F009,Milk (pouch),01,A,L,Fixed brand; 500 ml,5.90331,01.1,01.1.4.1.1.01,Milk: liquid,exact,Milk: Liquid (litre),,tariff,independent,Amul Gold 500ml Gujarat price steps (GCMMF release via press); cross-checked vs official milk index,,,,,
F010,Curd,01,A,kg,Fixed brand; 400 g,0.65239,01.1,01.1.4.6.1.01,"Curd, yogurt",exact,Curd,,dmart_ahmedabad,independent,"DMart Ready AHMEDABAD shelf price (priceSALE; MRP kept as regular price) of a fixed pool of 2 plain Amul curd SKUs (Masti Curd 1 kg, Masti Dahi 200 g), matched-model Jevons (data/dmart/pool.csv, fixed 2026-10-03). NOT a Rajkot price (Rajkot pincodes are not served): PROXY bucket. Accrues forward from 2026-10; earlier months use the official stand-in; gate vs official item index after 6 overlapping months (pending until then)",,,,,
F011,Butter,01,A,kg,Fixed brand; 100 g,0.0374,01.1,01.1.5.2.1.02,Butter,exact,Butter,,doca_national,independent,"DoCA daily RETAIL price, ALL-INDIA balanced panel of ~500 centres (Jevons), via the open mirror verified against the DoCA home page each run; NOT a Rajkot price and not our fixed brand: PROXY bucket. Rajkot centre fails the gate for this item; the national panel passes it (re-gated every run vs official item index)",,,national,35,100g
F012,Ghee,01,A,kg,Fixed brand; 1 L,0.92749,01.1,01.1.5.2.1.01,Ghee,exact,Ghee,,dmart_ahmedabad,independent,"DMart Ready AHMEDABAD shelf price (priceSALE; MRP kept as regular price) of a fixed pool of 5 mainstream SKUs, matched-model Jevons (data/dmart/pool.csv, fixed 2026-10-02). NOT a Rajkot price (Rajkot pincodes are not served): PROXY bucket. Accrues forward from 2026-10; earlier months use the official stand-in; gate vs official item index after 6 overlapping months (pending until then)",,,,,
F013,Sugar,01,A,kg,Fixed brand; 1 kg,1.01933,01.1,01.1.8.1.1.01,Sugar,exact,Sugar - Other Sources,,doca_rajkot,independent,"DoCA (Dept of Consumer Affairs) daily RETAIL price at the Rajkot centre, standard local variety, via an open mirror verified against the DoCA home page each run; gated vs official item index (sugar, Rs/kg)",,,rajkot,37,kg
F014,Tea,01,A,kg,Fixed brand; 250 g,2.14479,01.2,01.2.3.0.1.01,Tea: leaf,exact,Tea: Leaf (gm),,dmart_ahmedabad,independent,"DMart Ready AHMEDABAD shelf price (priceSALE; MRP kept as regular price) of a fixed pool of 5 mainstream SKUs, matched-model Jevons (data/dmart/pool.csv, fixed 2026-10-02). NOT a Rajkot price (Rajkot pincodes are not served): PROXY bucket. Accrues forward from 2026-10; earlier months use the official stand-in; gate vs official item index after 6 overlapping months (pending until then)",,,,,
F015,Salt,01,A,kg,Fixed brand; 1 kg,0.10186,01.1,01.1.9.3.1.01,Salt,exact,Salt,,dmart_ahmedabad,independent,"DMart Ready AHMEDABAD shelf price (priceSALE; MRP kept as regular price) of a fixed pool of 2 mainstream SKUs, matched-model Jevons (data/dmart/pool.csv, fixed 2026-10-02). NOT a Rajkot price (Rajkot pincodes are not served): PROXY bucket. Accrues forward from 2026-10; earlier months use the official stand-in; gate vs official item index after 6 overlapping months (pending until then)",,,,,
F016,Turmeric powder,01,A,kg,Fixed brand; 200 g,3.12538,01.1,01.1.9.4.1.05,Turmeric,exact,Turmeric (gm),,rajkot_shops,independent,"DMart Ready AHMEDABAD shelf price (priceSALE; MRP kept as regular price) of a fixed pool of 3 mainstream SKUs, matched-model Jevons (data/dmart/pool.csv, fixed 2026-10-02). NOT a Rajkot price (Rajkot pincodes are not served): PROXY bucket. Accrues forward from 2026-10; earlier months use the official stand-in; gate vs official item index after 6 overlapping months (pending until then)",,,,,
F017,Biscuits,01,A,kg,Fixed brand; fixed variety,1.1526,01.1,01.1.1.3.1.01,Biscuits,exact,"Biscuits, Chocolates, etc.",,dmart_ahmedabad,independent,"DMart Ready AHMEDABAD shelf price (priceSALE; MRP kept as regular price) of a fixed pool of 5 mainstream SKUs, matched-model Jevons (data/dmart/pool.csv, fixed 2026-10-02). NOT a Rajkot price (Rajkot pincodes are not served): PROXY bucket. Accrues forward from 2026-10; earlier months use the official stand-in; gate vs official item index after 6 overlapping months (pending until then)",,,,,
F018,Instant noodles,01,A,kg,Fixed brand; 4-pack,0.15349,01.1,01.1.1.5.1.01,Noodles,exact,"Sewai, Noodles",,dmart_ahmedabad,independent,"DMart Ready AHMEDABAD shelf price (priceSALE; MRP kept as regular price) of a fixed pool of 3 mainstream SKUs, matched-model Jevons (data/dmart/pool.csv, fixed 2026-10-02). NOT a Rajkot price (Rajkot pincodes are not served): PROXY bucket. Accrues forward from 2026-10; earlier months use the official stand-in; gate vs official item index after 6 overlapping months (pending until then)",,,,,
F019,Bread,01,A,kg,Fixed brand; 400 g,0.21847,01.1,01.1.1.3.1.04,Bread (bakery),exact,Bread (bakery),,dmart_ahmedabad,independent,"DMart Ready AHMEDABAD shelf price (priceSALE; MRP kept as regular price) of a fixed pool of 3 mainstream SKUs, matched-model Jevons (data/dmart/pool.csv, fixed 2026-10-02). NOT a Rajkot price (Rajkot pincodes are not served): PROXY bucket. Accrues forward from 2026-10; earlier months use the official stand-in; gate vs official item index after 6 overlapping months (pending until then)",,,,,
F020,Eggs,01,B,pc,"DoCA all-India retail panel level, Eggs (per dozen -> per egg) (proxy)",0.12676,01.1,01.1.4.8.1.01,Eggs,exact,Eggs (no.),,doca_national,independent,"DoCA daily RETAIL price, ALL-INDIA balanced panel of ~500 centres (Jevons), Eggs (per dozen -> per egg), via the open mirror verified against the DoCA home page each run; NOT a Rajkot price and not our fixed brand: PROXY bucket. Rajkot centre fails the gate; the national panel passes (re-gated every run). Superseded local feed (kept as diagnostic only, rpi/superseded.py): had about 1 month of history and could not be gated.",,Y,national,36,dozen
F021,Potato,01,B,kg,Agmarknet wholesale proxy + markup,0.59288,01.1,01.1.7.5.1.01,Potato,exact,Potato,,doca_gujarat,independent,"DoCA daily RETAIL price, GUJARAT-centres balanced panel (Jevons), potato, via the open mirror verified against the DoCA home page each run; a Gujarat state retail panel, NOT a Rajkot price: PROXY bucket. Rajkot centre fails the gate; the Gujarat panel passes (corr 0.64, drift 0.035; re-gated every run). Superseded wholesale feeds (Gondal, Rajkot Veg yard; kept as diagnostics, rpi/superseded.py)",,Y,gujarat,22,kg
F022,Onion,01,B,kg,Agmarknet wholesale proxy + markup,1.55818,01.1,01.1.7.4.1.01,Onion,exact,Onion,,mandi_gondal,independent,Gondal Veg. Market wholesale modal (Agmarknet mirror) ; second quote: Rajkot Veg Sub Yard APMC (mandi_rajkot_veg),,,,,
F023,Tomato,01,B,kg,Agmarknet wholesale proxy + markup,0.95691,01.1,01.1.7.2.1.01,Tomato,exact,Tomato,,mandi_gondal,independent,Gondal Veg. Market wholesale modal (Agmarknet mirror) ; second quote: Rajkot Veg Sub Yard APMC (mandi_rajkot_veg),,,,,
F024,Banana,01,B,kg,"DoCA all-India retail panel level, Banana (proxy)",3.4196,01.1,01.1.6.1.1.01,Banana,exact,Banana (no.),,doca_national,independent,"DoCA daily RETAIL price, ALL-INDIA balanced panel of ~500 centres (Jevons), Banana, via the open mirror verified against the DoCA home page each run; NOT a Rajkot price and not our fixed brand: PROXY bucket. Rajkot centre fails the gate; the national panel passes (re-gated every run). Superseded local feed (kept as diagnostic only, rpi/superseded.py): had about 1 month of history and could not be gated.",,Y,national,41,kg
F025,Brinjal,01,B,kg,Agmarknet wholesale proxy + markup,0.78931,01.1,01.1.7.2.1.03,Brinjal,exact,Brinjal,,mandi_gondal,independent,Gondal Veg. Market wholesale modal (Agmarknet mirror) ; second quote: Rajkot Veg Sub Yard APMC (mandi_rajkot_veg),,,,,
F026,Jaggery,01,B,kg,Agmarknet wholesale proxy + markup,0.27498,01.1,01.1.8.1.1.02,Jaggery (gur),exact,Gur,,doca_rajkot,independent,"DoCA (Dept of Consumer Affairs) daily RETAIL price at the Rajkot centre, standard local variety, via an open mirror verified against the DoCA home page each run; gated vs official item index (gur (jaggery), Rs/kg)",,,rajkot,38,kg
C001,Men's cotton shirt,03,A,pc,Fixed brand/style/size,3.26618,03.1,03.1.2.1.1.01,"Shirts, T-shirts, Kurta (gents)",exact,"Shirts, T-shirts (no.)",,vishal_diary,independent,"Vishal Mega Mart national e-store prices (schema.org JSON-LD), fixed live pool of 44 SKUs, matched-model Jevons; NOT a Rajkot price and promotion-prone: PROXY bucket, PENDING GATE (live history started 2026-10-04; the unchanged gate needs >=6 overlapping months, first judgeable ~Apr 2027). Months before the live feed stay on the official stand-in. WIRED BY EXPLICIT USER DECISION (2026-10-06) to raise independent coverage; archive-only screen showed jeans +4.7% vs official +2.1% and footwear -6.1% vs -1.8% (3-5 months, not judged). Review/demote on a gate fail.",,,,,
C002,Jeans,03,A,pc,Fixed brand/style/size,2.73798,03.1,03.1.2.1.1.02,"Trousers, jeans, track pant, shorts (gents)",exact,"Shorts, Trousers, Bermudas (no.)",,vishal_diary,independent,"Vishal Mega Mart national e-store prices (schema.org JSON-LD), fixed live pool of 44 SKUs, matched-model Jevons; NOT a Rajkot price and promotion-prone: PROXY bucket, PENDING GATE (live history started 2026-10-04; the unchanged gate needs >=6 overlapping months, first judgeable ~Apr 2027). Months before the live feed stay on the official stand-in. WIRED BY EXPLICIT USER DECISION (2026-10-06) to raise independent coverage; archive-only screen showed jeans +4.7% vs official +2.1% and footwear -6.1% vs -1.8% (3-5 months, not judged). Review/demote on a gate fail.",,,,,
C003,Sandals/footwear,03,A,pc,Fixed model,0.94893,03.2,03.2.1.1.1.01,Footwear for men,exact,"Leather Sandals, Chappals, etc.",,vishal_diary,independent,"Vishal Mega Mart national e-store prices (schema.org JSON-LD), fixed live pool of 44 SKUs, matched-model Jevons; NOT a Rajkot price and promotion-prone: PROXY bucket, PENDING GATE (live history started 2026-10-04; the unchanged gate needs >=6 overlapping months, first judgeable ~Apr 2027). Months before the live feed stay on the official stand-in. WIRED BY EXPLICIT USER DECISION (2026-10-06) to raise independent coverage; archive-only screen showed jeans +4.7% vs official +2.1% and footwear -6.1% vs -1.8% (3-5 months, not judged). Review/demote on a gate fail.",,,,,
R001,Rent (residential),04,D,month,Listings hedonic index (not yet built),18.99646,04.1,04.1.1.0.2.01,House Rent,exact,"House Rent, Garage Rent",,rent_signal,independent,"MODELLED, not observed: Labour Bureau CPI-IW housing-group indices (all-India half-yearly + 78-centre panel) -> Rajkot half-year step = mean of an empirical-Bayes shrunk additive-deviation model and a pooled-parameter Kalman ratio model (rpi/rentsignal.py v3; selection rule fixed on panel RMSE before comparison with MoSPI); no MoSPI value enters the signal. Fails the monthly-correlation gate (structurally unpassable by any trend-type signal) so it is gated by a calibrated TREND gate (cumulative and 12-month gap within 1.645*sd*sqrt(n) of the official rent index); that gate change is for R001 only and was adopted by user decision 2026-10-06 after the corr gate failed. Re-gated every refresh; needs a new Labour Bureau half-year row each Jan/Jul (inventory AJ).",,,,,
R002,Electricity (residential tariff),04,C,pc,Effective cost for fixed 200 kWh/month bill,3.58864,04.5,04.5.1.0.2.01,Electricity charges,exact,Electricity (std. Unit),,tariff,independent,GERC slabs + FPPAS schedule (govt release + press) modelled as a 200 kWh bill; see rpi/electricity.py,,,,,
R003,LPG cylinder 14.2 kg,04,C,pc,Official city price,0.67907,04.5,04.5.2.2.1.01,LPG cylinder and piped natural gas,blend,LPG [excl. Conveyance],,tariff,independent,dated tariff events (news-of-record + audited vs official),,,,,
R004,Municipal water charge,04,C,pc,RMC tariff,0.27587,04.4,04.4.1.1.2.01,Water charges,exact,Water Charges,,tariff,independent,"RMC residential water Rs1,500/yr flat since FY23-24 (draft hike to 2,400 scrapped Feb 2026); register with re-confirmation rows",,,,,
R005,Piped natural gas (PNG),04,C,pc,City gas distributor tariff,0.67907,04.5,04.5.2.2.1.01,LPG cylinder and piped natural gas,blend,LPG [excl. Conveyance],nearest: no PNG line in the 2012 list,gr_png,independent,Domestic PNG Rajkot monthly (goodreturns); no back-fill before Dec 2025 - official item is an LPG+PNG blend and would double-count LPG,,,,,
H001,Detergent powder,05,A,kg,Fixed brand; 1 kg,1.38023,05.6,05.6.1.1.1.01,Washing soap/soda/powder/liquid detergent,exact,Washing Soap/soda/powder,,dmart_ahmedabad,independent,"DMart Ready AHMEDABAD shelf price (priceSALE; MRP kept as regular price) of a fixed pool of 5 mainstream SKUs, matched-model Jevons (data/dmart/pool.csv, fixed 2026-10-02). NOT a Rajkot price (Rajkot pincodes are not served): PROXY bucket. Accrues forward from 2026-10; earlier months use the official stand-in; gate vs official item index after 6 overlapping months (pending until then)",,,,,
H002,Dishwash liquid,05,A,L,Fixed brand; 500 ml,0.2018,05.6,05.6.1.1.1.03,Other washing requisites,proxy,Other Washing Requisites,,dmart_ahmedabad,independent,"DMart Ready AHMEDABAD shelf price (priceSALE; MRP kept as regular price) of a fixed pool of 4 mainstream SKUs, matched-model Jevons (data/dmart/pool.csv, fixed 2026-10-02). NOT a Rajkot price (Rajkot pincodes are not served): PROXY bucket. Accrues forward from 2026-10; earlier months use the official stand-in; gate vs official item index after 6 overlapping months (pending until then)",,,,,
H003,LED bulb 9W,05,A,pc,Fixed brand,0.10041,05.5,05.5.2.2.1.01,"LED bulb, CFL bulbs",exact,"Electric Bulb, Tubelight",,dmart_ahmedabad,independent,"DMart Ready AHMEDABAD shelf price (priceSALE; MRP kept as regular price) of a fixed pool of 3 mainstream SKUs, matched-model Jevons (data/dmart/pool.csv, fixed 2026-10-02). NOT a Rajkot price (Rajkot pincodes are not served): PROXY bucket. Accrues forward from 2026-10; earlier months use the official stand-in; gate vs official item index after 6 overlapping months (pending until then)",,,,,
H004,Pressure cooker 3L,05,A,pc,Fixed model,0.3206,05.4,05.4.0.3.1.07,Pressure cooker/ pressure pan,exact,Pressure Cooker/ Pressure Pan,,dmart_ahmedabad,independent,"DMart Ready AHMEDABAD shelf price (priceSALE; MRP kept as regular price) of a fixed pool of 3 mainstream SKUs, matched-model Jevons (data/dmart/pool.csv, fixed 2026-10-02). NOT a Rajkot price (Rajkot pincodes are not served): PROXY bucket. Accrues forward from 2026-10; earlier months use the official stand-in; gate vs official item index after 6 overlapping months (pending until then)",,,,,
M001,Paracetamol 500mg strip,06,A,pc,NPPA price-controlled; strip of 10,1.52107,06.1,06.1.1.1.1.01,Medicine,exact,Medicine (non-institutional),,tariff,independent,NPPA ceiling price (DPCO 2013) incl. GST for paracetamol 500 mg: regulated cap = proxy (counted in the PROXY share); official Medicine index is the broad stand-in and under-reacted to the Sep-2025 GST cut,proxy,,,,
M002,Antiseptic liquid,06,A,L,Fixed brand; 500 ml,1.52107,06.1,06.1.1.1.1.01,Medicine,proxy,Medicine (non-institutional),,dmart_ahmedabad,independent,"DMart Ready AHMEDABAD shelf price (priceSALE; MRP kept as regular price) of a fixed pool of 3 mainstream SKUs, matched-model Jevons (data/dmart/pool.csv, fixed 2026-10-02). NOT a Rajkot price (Rajkot pincodes are not served): PROXY bucket. Accrues forward from 2026-10; earlier months use the official stand-in; gate vs official item index after 6 overlapping months (pending until then)",,,,,
M003,Doctor consultation (GP),06,D,pc,Not observable online,1.20284,06.2,06.2.3.1.2.01,Doctor's/surgeon's fee,exact,Doctor’s/ Surgeon’s Fee-first Consultation (non-institutional),,official_link,linked,no independent source yet; official MoSPI Gujarat-urban item index used as flagged stand-in (Practo listed-fee diary is a screen only: listed fees are stale and understate the official index),,,,,
M004,Hospital general ward charge,06,D,pc,Not observable online,0.8088,06.3,06.3.1.0.2.01,Hospital and nursing home charges,exact,Hospital & Nursing Home Charges,,official_link,linked,no independent source yet; official MoSPI Gujarat-urban item index used as flagged stand-in,,,,,
T001,Petrol,07,C,L,Official city pump price,6.87368,07.2,07.2.2.2.1.01,Petrol,exact,Petrol for Vehicle,,tariff,independent,dated tariff events (news-of-record + audited vs official),,,,,
T002,Diesel,07,C,L,Official city pump price,0.69096,07.2,07.2.2.1.1.01,Diesel,exact,Diesel for Vehicle,,tariff,independent,dated tariff events (news-of-record + audited vs official),,,,,
T003,City bus fare (fixed route),07,C,pc,Transport authority fare table,0.53171,07.3,07.3.1.2.2.01,Bus/tram fare: occasional,proxy,Bus/tram Fare,,official_link,linked,no independent source yet; official MoSPI Gujarat-urban item index used as flagged stand-in,,,,,
T004,Auto-rickshaw fare,07,C,pc,Fixed 3 km in-city day trip at the statutory tariff,2.07601,07.3,07.3.2.9.2.01,Auto-rickshaw/e-rickshaw fare,exact,"Taxi, Auto-rickshaw Fare",,tariff,independent,Gujarat statutory auto-rickshaw tariff (MV Act s.67 notification; fixed 3 km trip: Rs47 -> Rs61 from 7 Aug 2026): a legal MAXIMUM fare = proxy (counted in the PROXY share); official Gujarat-urban item index had moved only ~3% by Aug 2026,proxy,,,,
T005,Two-wheeler service,07,D,pc,Not observable online,0.00343,07.2,,,none,,,none,none,no official item and no independent source,,,,,
T006,Two-wheeler tyre,07,A,pc,Fixed model,0.17401,07.2,07.2.1.1.1.01,Tyres and tubes,exact,Tyres & Tubes,,official_link,linked,no independent source yet; official MoSPI Gujarat-urban item index used as flagged stand-in,,,,,
K001,Prepaid mobile plan (fixed),08,C,pc,Operator plan page,1.87098,08.3,08.3.4.0.2.01,Telephone charges: mobile,exact,Telephone Charges: Mobile,,tariff,independent,Jevons of Jio Rs299 fixed plan and Airtel entry unlimited plan (299->349 on 12 Aug 2026); operator listings + 4-outlet press,,,,,
K002,Smartphone (fixed model),08,A,pc,Fixed model; hedonic for replacement,0.58929,08.1,08.1.2.0.1.01,Mobile handset,exact,Mobile Handset,,official_link,linked,no independent source yet; official MoSPI Gujarat-urban item index used as flagged stand-in,,,,,
K003,Broadband plan,08,C,pc,Operator plan page,0.12362,08.3,08.3.3.0.2.01,Internet expenses,exact,Internet Expenses,,official_link,linked,no independent source yet; official MoSPI Gujarat-urban item index used as flagged stand-in,,,,,
S001,Cinema ticket,09,D,pc,Same hall/slot; booking sites restrict scraping,0.23579,09.6,09.6.1.0.2.01,"Cinema, theatre",exact,Cinema: New Release(normal Day),,district_cinema,independent,"district.in (District by Zomato) Rajkot theatre pages, 8 theatres (data/cinema/pool.csv): cheapest weekday-evening 2D seat price per theatre-day, monthly median per theatre, matched-model Jevons; observed ticket prices at Rajkot theatres but film-mix noise remains: PROXY bucket, PENDING GATE (live diary started 2026-10-06, no archive history; the unchanged gate needs >=6 overlapping months, first judgeable ~Apr 2027). Months before the live feed stay on the official stand-in. Wired at the user's request to add independent sources; review/demote on a gate fail.",,,,,
S002,OTT subscription,08,C,pc,Plan page,0.75595,08.3,08.3.9.2.2.02,Online media service provider/streaming services,exact,Other Entertainment,nearest: no OTT line in the 2012 list,tariff,independent,"Jevons of JioHotstar Super annual (899->1099, 28 Jan 2026) and Amazon Prime annual (1499 flat); new-subscriber list prices",,,,,
S003,Newspaper subscription,09,C,pc,Publisher rate card,0.35615,09.7,09.7.2.1.1.01,Newspapers and periodicals,exact,"Newspapers, Periodicals",,official_link,linked,no independent source yet; official MoSPI Gujarat-urban item index used as flagged stand-in,,,,,
E001,School fee (private),10,C,pc,Regulator-approved fee orders,3.62177,10.1,10.1.0.2.2.01,Tuition fees (Primary/Upper Primary class),proxy,"Tuition and Other Fees (school, College, Etc.)",,frc_rajkot,independent,"Gujarat Fee Regulatory Committee APPROVED fees, Rajkot-city private schools (111 schools, std 1-8 matched panel, school x standard x academic year; rpi/frc_fees.py). Regulator-published and Rajkot-specific. Rules fixed before the gate: Jevons AY change, timing = month profile of the official school-fee index in 2014-2019. PROXY bucket. Gate (unchanged: corr>=0.5, |drift|<=10%, >=6 months) PASSES on the live window 2025-01..2026-08 (n=20, corr 0.64, drift 0.6%) and on an out-of-sample long window 2021-12..2025-12 vs the 2012-series (n=49, corr 0.87, drift 1.6%). Caveats: upper-fee segment only (schools above the statutory fee cap); approved fee is a ceiling, not a paid price; 2020-21 Covid cut (-29%) and 2021-22 rebound (+25%) are in the data but outside the gate window.",,,,,
E002,Tuition fee,10,D,pc,Not observable online,1.18383,10.5,10.5.0.1.2.01,Private tutor/ coaching centre,exact,Private Tutor/ Coaching Centre,,official_link,linked,no independent source yet; official MoSPI Gujarat-urban item index used as flagged stand-in,,,,,
E003,Notebook,09,A,pc,Fixed brand; 172 pages,0.64806,09.7,09.7.4.0.1.01,Stationery,proxy,"Books, Journals: First Hand",,dmart_ahmedabad,independent,"DMart Ready AHMEDABAD shelf price (priceSALE; MRP kept as regular price) of a fixed pool of 4 mainstream SKUs, matched-model Jevons (data/dmart/pool.csv, fixed 2026-10-02). NOT a Rajkot price (Rajkot pincodes are not served): PROXY bucket. Accrues forward from 2026-10; earlier months use the official stand-in; gate vs official item index after 6 overlapping months (pending until then)",,,,,
E004,Photocopy,10,D,pc,Not observable online,0.0891,13.9,13.9.0.9.2.01,Photocopying charges,exact,"Stationery, Photocopying Charges",,official_link,linked,no independent source yet; official MoSPI Gujarat-urban item index used as flagged stand-in,,,,,
D001,Veg thali,11,D,pc,Same restaurant; not yet observable,1.25706,11.1,11.1.1.1.1.01,Cooked meals,exact,Cooked Meals Purchased (no.),,official_link,linked,no independent source yet; official MoSPI Gujarat-urban item index used as flagged stand-in,,,,,
D002,Cutting chai,11,C,pc,"Rajkot tea-hotel association rate card, half cup (cutting)",0.89345,11.1,01.1.4.7.1.01,Tea: cups,proxy,Tea: Cups (no.),,tariff,independent,"Rajkot District Tea Hotel Association rate card, half cup: Rs13 -> Rs15 from 1 Sep 2026 (new level reported by 5 outlets; prior level disputed 10/12/13, the conservative Rs13 is used = +15.4%, a lower bound). A trade-association RATE CARD, not an observed paid price = PROXY bucket; checked against official 'Tea: cups' when Sep 2026 is published",proxy,,,,
D003,Street snack plate,11,D,pc,Not observable online,4.49529,11.1,11.1.1.2.1.01,Cooked snacks,exact,"Cooked Snacks Purchased [samosa, Puri, Paratha, Burger, Chowmein, Idli, Dosa, Vada, Chops, Pakoras, Pao Bhaji, Etc.]",,official_link,linked,no independent source yet; official MoSPI Gujarat-urban item index used as flagged stand-in,,,,,
P001,Bath soap,13,A,pc,Fixed brand; 100 g,1.28528,13.1,13.1.2.0.1.01,"Toilet soap, body-wash, hand-wash, shower gel and face-wash",exact,Toilet Soap,,dmart_ahmedabad,independent,"DMart Ready AHMEDABAD shelf price (priceSALE; MRP kept as regular price) of a fixed pool of 5 mainstream SKUs, matched-model Jevons (data/dmart/pool.csv, fixed 2026-10-02). NOT a Rajkot price (Rajkot pincodes are not served): PROXY bucket. Accrues forward from 2026-10; earlier months use the official stand-in; gate vs official item index after 6 overlapping months (pending until then)",,,,,
P002,Shampoo,13,A,L,Fixed brand; 340 ml,0.69744,13.1,13.1.2.0.1.06,"Shampoo, conditioner, hair serum/gel and hair cream",exact,"Hair Oil, Shampoo, Hair Cream",,dmart_ahmedabad,independent,"DMart Ready AHMEDABAD shelf price (priceSALE; MRP kept as regular price) of a fixed pool of 5 mainstream SKUs, matched-model Jevons (data/dmart/pool.csv, fixed 2026-10-02). NOT a Rajkot price (Rajkot pincodes are not served): PROXY bucket. Accrues forward from 2026-10; earlier months use the official stand-in; gate vs official item index after 6 overlapping months (pending until then)",,,,,
P003,Toothpaste,13,A,kg,Fixed brand; 200 g,0.71898,13.1,13.1.2.0.1.04,"Toothpaste, mouthwash and toothbrush",exact,"Toothpaste, Toothbrush, Comb, etc.",,dmart_ahmedabad,independent,"DMart Ready AHMEDABAD shelf price (priceSALE; MRP kept as regular price) of a fixed pool of 4 mainstream SKUs, matched-model Jevons (data/dmart/pool.csv, fixed 2026-10-02). NOT a Rajkot price (Rajkot pincodes are not served): PROXY bucket. Accrues forward from 2026-10; earlier months use the official stand-in; gate vs official item index after 6 overlapping months (pending until then)",,,,,
P004,Haircut (gents),13,D,pc,Not observable online,0.69451,13.1,13.1.3.2.2.01,"Barber, beautician and spas",exact,"Barber, Beautician, etc.",,fresha_salon,independent,"Fresha price list of ONE Rajkot venue (Style Inc with Prayag, 103 services; data/fresha/pool.csv), matched-model Jevons over services priced in both months, with two Internet Archive captures (2025-03, 2026-04) plus the live diary: a single premium salon (haircut Rs 1,000), so a very thin and upper-end-biased PROXY, PENDING GATE (3 months of history; the unchanged gate needs >=6 overlapping months). Months before the first capture stay on the official stand-in. Wired at the user's request to add independent sources; review/demote on a gate fail.",,,,,
P005,Gold 22k,13,B,g,IBJA benchmark + local jeweller spread,0.52575,13.2,13.2.1.1.1.01,Gold /diamond /platinum jewellery,proxy,Gold,,gr_metals,independent,goodreturns Rajkot gold 22K / silver daily,,,,,
P006,Silver,13,B,g,IBJA benchmark,0.26132,13.2,13.2.1.1.1.02,Silver jewellery,proxy,Silver,,gr_metals,independent,goodreturns Rajkot gold 22K / silver daily,,,,,
