date,sku,price
2026-10-03,100226,1785.82
2026-10-03,100227,1685.82
2026-10-03,101922,1806.0
2026-10-03,101957,1962.0
2026-10-03,102572,1813.0
2026-10-03,103202,1540.0
2026-10-03,113239,1999.0
2026-10-03,113267,1938.0
2026-10-03,113269,1920.82
2026-10-03,113484,1745.0
2026-10-03,113615,1896.0
2026-10-03,114491,1899.0
2026-10-03,100523,1639.66
2026-10-03,100670,1669.66
2026-10-03,102442,1799.0
2026-10-03,105169,1828.0
2026-10-03,106207,1828.0
2026-10-03,113268,2194.78
2026-10-03,113614,1830.0
2026-10-03,114489,1899.0
2026-10-03,101824,3320.0
2026-10-03,103742,2239.0
2026-10-03,105808,3320.0
2026-10-03,106361,3320.0
2026-10-03,113263,3279.0
2026-10-03,103061,2946.0
2026-10-03,104974,4663.0
2026-10-03,104976,3692.0
2026-10-03,106073,2022.0
2026-10-03,106384,2392.0
2026-10-03,106385,2273.0
2026-10-03,113265,2583.0
2026-10-03,113494,6499.0
2026-10-03,113496,7899.0
2026-10-03,103686,1395.0
2026-10-03,105918,1224.0
2026-10-03,106198,1403.0
2026-10-03,104935,2222.0
2026-10-03,104975,3778.0
2026-10-03,105726,2586.0
2026-10-03,106061,1380.0
2026-10-03,107819,3518.0
2026-10-03,113709,4999.0
2026-10-03,113266,2213.0
2026-10-03,113310,2058.82
2026-10-03,113613,1898.0
2026-10-03,114481,1999.0
2026-10-04,100226,1785.82
2026-10-04,100227,1685.82
2026-10-04,101922,1806.0
2026-10-04,101957,1962.0
2026-10-04,102572,1813.0
2026-10-04,103202,1540.0
2026-10-04,113239,1999.0
2026-10-04,113267,1938.0
2026-10-04,113269,1920.82
2026-10-04,113484,1745.0
2026-10-04,113615,1896.0
2026-10-04,114491,1899.0
2026-10-04,100523,1639.66
2026-10-04,100670,1669.66
2026-10-04,102442,1799.0
2026-10-04,105169,1828.0
2026-10-04,106207,1828.0
2026-10-04,113268,2194.78
2026-10-04,113614,1830.0
2026-10-04,114489,1899.0
2026-10-04,101824,3320.0
2026-10-04,103742,2239.0
2026-10-04,105808,3320.0
2026-10-04,106361,3320.0
2026-10-04,113263,3279.0
2026-10-04,103061,2946.0
2026-10-04,104974,4663.0
2026-10-04,104976,3692.0
2026-10-04,106073,2022.0
2026-10-04,106384,2392.0
2026-10-04,106385,2273.0
2026-10-04,113265,2583.0
2026-10-04,113494,6499.0
2026-10-04,113496,7899.0
2026-10-04,103686,1395.0
2026-10-04,105918,1224.0
2026-10-04,106198,1403.0
2026-10-04,104935,2222.0
2026-10-04,104975,3778.0
2026-10-04,105726,2586.0
2026-10-04,106061,1380.0
2026-10-04,107819,3518.0
2026-10-04,113709,4999.0
2026-10-04,113266,2213.0
2026-10-04,113310,2058.82
2026-10-04,113613,1898.0
2026-10-04,114481,1999.0
2026-10-06,100226,1785.82
2026-10-06,100227,1685.82
2026-10-06,101922,1806.0
2026-10-06,101957,1962.0
2026-10-06,102572,1813.0
2026-10-06,103202,1540.0
2026-10-06,113239,1999.0
2026-10-06,113267,1938.0
2026-10-06,113269,1920.82
2026-10-06,113484,1745.0
2026-10-06,113615,1896.0
2026-10-06,114491,1899.0
2026-10-06,100523,1639.66
2026-10-06,100670,1669.66
2026-10-06,102442,1799.0
2026-10-06,105169,1828.0
2026-10-06,106207,1828.0
2026-10-06,113268,2194.78
2026-10-06,113614,1830.0
2026-10-06,114489,1899.0
2026-10-06,101824,3320.0
2026-10-06,103742,2239.0
2026-10-06,105808,3320.0
2026-10-06,106361,3320.0
2026-10-06,113263,3279.0
2026-10-06,103061,2946.0
2026-10-06,104974,4663.0
2026-10-06,104976,3692.0
2026-10-06,106073,2022.0
2026-10-06,106384,2392.0
2026-10-06,106385,2273.0
2026-10-06,113265,2583.0
2026-10-06,113494,6499.0
2026-10-06,113496,7899.0
2026-10-06,103686,1395.0
2026-10-06,105918,1224.0
2026-10-06,106198,1403.0
2026-10-06,104935,2222.0
2026-10-06,104975,3778.0
2026-10-06,105726,2586.0
2026-10-06,106061,1380.0
2026-10-06,107819,3518.0
2026-10-06,113709,4999.0
2026-10-06,113266,2213.0
2026-10-06,113310,2058.82
2026-10-06,113613,1898.0
2026-10-06,114481,1999.0
2026-10-10,100226,1785.82
2026-10-10,100227,1685.82
2026-10-10,101922,1806.0
2026-10-10,101957,1962.0
2026-10-10,102572,1813.0
2026-10-10,103202,1540.0
2026-10-10,113239,1999.0
2026-10-10,113267,1938.0
2026-10-10,113269,1920.82
2026-10-10,113484,1745.0
2026-10-10,113615,1896.0
2026-10-10,114491,1899.0
2026-10-10,100523,1639.66
2026-10-10,100670,1669.66
2026-10-10,102442,1799.0
2026-10-10,105169,1828.0
2026-10-10,106207,1828.0
2026-10-10,113268,2194.78
2026-10-10,113614,1830.0
2026-10-10,114489,1899.0
2026-10-10,101824,3320.0
2026-10-10,103742,2239.0
2026-10-10,105808,3320.0
2026-10-10,106361,3320.0
2026-10-10,113263,3279.0
2026-10-10,103061,2946.0
2026-10-10,104974,4663.0
2026-10-10,104976,3692.0
2026-10-10,106073,2022.0
2026-10-10,106384,2392.0
2026-10-10,106385,2273.0
2026-10-10,113265,2583.0
2026-10-10,113494,6499.0
2026-10-10,113496,7899.0
2026-10-10,103686,1395.0
2026-10-10,105918,1224.0
2026-10-10,106198,1403.0
2026-10-10,104935,2222.0
2026-10-10,104975,3778.0
2026-10-10,105726,2586.0
2026-10-10,106061,1380.0
2026-10-10,113266,2213.0
2026-10-10,113310,2058.82
2026-10-10,113613,1898.0
2026-10-10,114481,1999.0
