item_id,geo,month,modal_per_quintal
F021,rajkot_district,2024-12,1465.27
F021,rajkot_district,2025-01,988.96
F021,rajkot_district,2025-02,662.6
F021,rajkot_district,2025-03,576.42
F021,rajkot_district,2025-04,718.3
F021,rajkot_district,2025-05,803.04
F021,rajkot_district,2025-06,785.61
F021,rajkot_district,2025-07,776.25
F021,rajkot_district,2025-08,746.79
F021,rajkot_district,2025-09,804.07
F021,rajkot_district,2025-10,895.47
F021,gujarat,2024-12,2388.9
F021,gujarat,2025-01,1824.44
F021,gujarat,2025-02,1246.54
F021,gujarat,2025-03,1099.77
F021,gujarat,2025-04,1229.76
F021,gujarat,2025-05,1329.45
F021,gujarat,2025-06,1372.84
F021,gujarat,2025-07,1366.99
F021,gujarat,2025-08,1328.84
F021,gujarat,2025-09,1320.31
F021,gujarat,2025-10,1490.48
F021,india,2024-12,2948.98
F021,india,2025-01,2391.62
F021,india,2025-02,1976.11
F021,india,2025-03,1799.94
F021,india,2025-04,1765.35
F021,india,2025-05,1917.34
F021,india,2025-06,1985.54
F021,india,2025-07,1915.47
F021,india,2025-08,1683.14
F021,india,2025-09,1663.13
F021,india,2025-10,1761.08
F022,rajkot_district,2024-12,2143.95
F022,rajkot_district,2025-01,1626.79
F022,rajkot_district,2025-02,1797.24
F022,rajkot_district,2025-03,1419.95
F022,rajkot_district,2025-04,795.51
F022,rajkot_district,2025-05,747.5
F022,rajkot_district,2025-06,901.47
F022,rajkot_district,2025-07,960.0
F022,rajkot_district,2025-08,956.62
F022,rajkot_district,2025-09,811.39
F022,rajkot_district,2025-10,853.05
F022,gujarat,2024-12,2718.65
F022,gujarat,2025-01,1933.05
F022,gujarat,2025-02,2038.31
F022,gujarat,2025-03,1731.16
F022,gujarat,2025-04,1146.35
F022,gujarat,2025-05,1088.37
F022,gujarat,2025-06,1285.13
F022,gujarat,2025-07,1331.54
F022,gujarat,2025-08,1358.86
F022,gujarat,2025-09,1199.41
F022,gujarat,2025-10,1253.71
F022,india,2024-12,4172.08
F022,india,2025-01,3235.06
F022,india,2025-02,3180.17
F022,india,2025-03,2752.63
F022,india,2025-04,2039.36
F022,india,2025-05,1802.43
F022,india,2025-06,1921.71
F022,india,2025-07,2009.23
F022,india,2025-08,2029.94
F022,india,2025-09,1935.54
F022,india,2025-10,1913.82
F023,rajkot_district,2024-12,2939.9
F023,rajkot_district,2025-01,964.1
F023,rajkot_district,2025-02,554.64
F023,rajkot_district,2025-03,650.0
F023,rajkot_district,2025-04,836.67
F023,rajkot_district,2025-05,1486.25
F023,rajkot_district,2025-06,2330.71
F023,rajkot_district,2025-07,3037.97
F023,rajkot_district,2025-08,3688.49
F023,rajkot_district,2025-09,1814.29
F023,rajkot_district,2025-10,1882.82
F023,gujarat,2024-12,2643.86
F023,gujarat,2025-01,1194.06
F023,gujarat,2025-02,710.12
F023,gujarat,2025-03,664.42
F023,gujarat,2025-04,844.16
F023,gujarat,2025-05,1528.2
F023,gujarat,2025-06,2118.36
F023,gujarat,2025-07,2687.96
F023,gujarat,2025-08,3274.41
F023,gujarat,2025-09,2006.58
F023,gujarat,2025-10,1907.33
F023,india,2024-12,3148.64
F023,india,2025-01,1724.56
F023,india,2025-02,1474.36
F023,india,2025-03,1196.91
F023,india,2025-04,1282.23
F023,india,2025-05,1392.02
F023,india,2025-06,2047.31
F023,india,2025-07,2948.83
F023,india,2025-08,3835.22
F023,india,2025-09,2541.91
F023,india,2025-10,2374.72
F025,rajkot_district,2024-12,953.24
F025,rajkot_district,2025-01,917.95
F025,rajkot_district,2025-02,1384.29
F025,rajkot_district,2025-03,1561.69
F025,rajkot_district,2025-04,1691.23
F025,rajkot_district,2025-05,1624.69
F025,rajkot_district,2025-06,2310.07
F025,rajkot_district,2025-07,2361.54
F025,rajkot_district,2025-08,1127.7
F025,rajkot_district,2025-09,2703.48
F025,rajkot_district,2025-10,1970.81
F025,gujarat,2024-12,1381.31
F025,gujarat,2025-01,1187.06
F025,gujarat,2025-02,1243.99
F025,gujarat,2025-03,1082.3
F025,gujarat,2025-04,1258.82
F025,gujarat,2025-05,1725.74
F025,gujarat,2025-06,2771.23
F025,gujarat,2025-07,2993.57
F025,gujarat,2025-08,1665.72
F025,gujarat,2025-09,3441.22
F025,gujarat,2025-10,2367.95
F025,india,2024-12,3160.96
F025,india,2025-01,2851.28
F025,india,2025-02,2373.54
F025,india,2025-03,2213.47
F025,india,2025-04,2322.0
F025,india,2025-05,2430.89
F025,india,2025-06,2827.39
F025,india,2025-07,3110.34
F025,india,2025-08,2843.98
F025,india,2025-09,2934.85
F025,india,2025-10,3122.24
F024,gujarat,2024-12,2127.4
F024,gujarat,2025-01,2054.37
F024,gujarat,2025-02,2434.1
F024,gujarat,2025-03,2639.08
F024,gujarat,2025-04,2302.74
F024,gujarat,2025-05,2229.18
F024,gujarat,2025-06,2371.08
F024,gujarat,2025-07,2191.71
F024,gujarat,2025-08,2028.4
F024,gujarat,2025-09,1593.22
F024,gujarat,2025-10,1497.7
F024,india,2024-12,4126.0
F024,india,2025-01,4380.99
F024,india,2025-02,4466.78
F024,india,2025-03,4321.07
F024,india,2025-04,4249.63
F024,india,2025-05,4148.7
F024,india,2025-06,4010.2
F024,india,2025-07,3995.2
F024,india,2025-08,3790.32
F024,india,2025-09,3534.6
F024,india,2025-10,3206.97
F026,india,2024-12,3971.96
F026,india,2025-01,3954.5
F026,india,2025-02,3862.78
F026,india,2025-03,3887.56
F026,india,2025-04,3951.29
F026,india,2025-05,4055.7
F026,india,2025-06,4136.03
F026,india,2025-07,4182.07
F026,india,2025-08,4233.35
F026,india,2025-09,4240.04
F026,india,2025-10,4245.62
F001,rajkot_district,2024-12,2960.22
F001,rajkot_district,2025-01,2986.44
F001,rajkot_district,2025-02,2947.46
F001,rajkot_district,2025-03,2527.27
F001,rajkot_district,2025-04,2485.09
F001,rajkot_district,2025-05,2487.68
F001,rajkot_district,2025-06,2482.97
F001,rajkot_district,2025-07,2550.6
F001,rajkot_district,2025-08,2639.31
F001,rajkot_district,2025-09,2631.14
F001,rajkot_district,2025-10,2599.22
F001,gujarat,2024-12,2879.4
F001,gujarat,2025-01,3001.03
F001,gujarat,2025-02,2952.82
F001,gujarat,2025-03,2619.85
F001,gujarat,2025-04,2593.59
F001,gujarat,2025-05,2561.36
F001,gujarat,2025-06,2515.93
F001,gujarat,2025-07,2553.75
F001,gujarat,2025-08,2675.79
F001,gujarat,2025-09,2641.5
F001,gujarat,2025-10,2598.0
F001,india,2024-12,2805.8
F001,india,2025-01,2915.4
F001,india,2025-02,2887.16
F001,india,2025-03,2620.71
F001,india,2025-04,2489.25
F001,india,2025-05,2511.17
F001,india,2025-06,2506.49
F001,india,2025-07,2528.4
F001,india,2025-08,2587.93
F001,india,2025-09,2577.54
F001,india,2025-10,2540.83
F004,rajkot_district,2024-12,7134.66
F004,rajkot_district,2025-01,7214.26
F004,rajkot_district,2025-02,7029.31
F004,rajkot_district,2025-03,7077.44
F004,rajkot_district,2025-04,7085.52
F004,rajkot_district,2025-05,7586.47
F004,rajkot_district,2025-06,6894.19
F004,rajkot_district,2025-07,7217.87
F004,rajkot_district,2025-08,7507.0
F004,rajkot_district,2025-09,7331.92
F004,rajkot_district,2025-10,6469.79
F004,gujarat,2024-12,7094.09
F004,gujarat,2025-01,7231.82
F004,gujarat,2025-02,6890.5
F004,gujarat,2025-03,6832.0
F004,gujarat,2025-04,7138.36
F004,gujarat,2025-05,7367.71
F004,gujarat,2025-06,6479.29
F004,gujarat,2025-07,6817.7
F004,gujarat,2025-08,6910.37
F004,gujarat,2025-09,6954.44
F004,gujarat,2025-10,6311.37
F004,india,2024-12,7079.57
F004,india,2025-01,7363.09
F004,india,2025-02,7548.38
F004,india,2025-03,7627.59
F004,india,2025-04,7698.94
F004,india,2025-05,7341.47
F004,india,2025-06,6845.91
F004,india,2025-07,7019.07
F004,india,2025-08,7405.62
F004,india,2025-09,6884.89
F004,india,2025-10,6830.66
F003,rajkot_district,2024-12,7662.21
F003,rajkot_district,2025-01,6847.25
F003,rajkot_district,2025-02,6566.27
F003,rajkot_district,2025-03,6615.18
F003,rajkot_district,2025-04,6360.93
F003,rajkot_district,2025-05,6217.8
F003,rajkot_district,2025-06,5772.48
F003,rajkot_district,2025-07,5982.77
F003,rajkot_district,2025-08,5883.15
F003,rajkot_district,2025-09,5556.71
F003,rajkot_district,2025-10,5719.85
F003,gujarat,2024-12,7426.47
F003,gujarat,2025-01,7119.83
F003,gujarat,2025-02,6869.16
F003,gujarat,2025-03,6781.14
F003,gujarat,2025-04,6546.18
F003,gujarat,2025-05,6130.72
F003,gujarat,2025-06,5778.06
F003,gujarat,2025-07,5898.57
F003,gujarat,2025-08,5930.54
F003,gujarat,2025-09,5669.92
F003,gujarat,2025-10,5909.23
F003,india,2024-12,7811.29
F003,india,2025-01,7117.24
F003,india,2025-02,6867.17
F003,india,2025-03,6939.9
F003,india,2025-04,6897.35
F003,india,2025-05,6640.57
F003,india,2025-06,6278.01
F003,india,2025-07,6178.4
F003,india,2025-08,6269.2
F003,india,2025-09,6045.95
F003,india,2025-10,6560.09
F005,rajkot_district,2024-12,6005.11
F005,rajkot_district,2025-01,5668.07
F005,rajkot_district,2025-02,5134.87
F005,rajkot_district,2025-03,5169.23
F005,rajkot_district,2025-04,5411.27
F005,rajkot_district,2025-05,5190.52
F005,rajkot_district,2025-06,5281.79
F005,rajkot_district,2025-07,5556.51
F005,rajkot_district,2025-08,5588.35
F005,rajkot_district,2025-09,5238.38
F005,rajkot_district,2025-10,5129.16
F005,gujarat,2024-12,6040.7
F005,gujarat,2025-01,5708.52
F005,gujarat,2025-02,5398.66
F005,gujarat,2025-03,5217.79
F005,gujarat,2025-04,5390.36
F005,gujarat,2025-05,5298.41
F005,gujarat,2025-06,5283.72
F005,gujarat,2025-07,5487.22
F005,gujarat,2025-08,5548.56
F005,gujarat,2025-09,5200.59
F005,gujarat,2025-10,5127.49
F005,india,2024-12,6465.71
F005,india,2025-01,6287.75
F005,india,2025-02,6022.86
F005,india,2025-03,5740.97
F005,india,2025-04,5818.47
F005,india,2025-05,5731.21
F005,india,2025-06,5623.83
F005,india,2025-07,5844.75
F005,india,2025-08,6022.42
F005,india,2025-09,5763.53
F005,india,2025-10,5803.85
