item_id,name,weight_pct,spec,unit,now_priced_from,suggested_products,how
F024,Banana,3.42,"DoCA all-India retail panel level, Banana (proxy)",kg,doca_national,,"same 2-3 Rajkot stores and same products every month; record price paid, pack and MRP"
C001,Men's cotton shirt,3.27,Fixed brand/style/size,pc,vishal_diary,,"same 2-3 Rajkot stores and same products every month; record price paid, pack and MRP"
C002,Jeans,2.74,Fixed brand/style/size,pc,vishal_diary,,"same 2-3 Rajkot stores and same products every month; record price paid, pack and MRP"
F014,Tea,2.14,Fixed brand; 250 g,kg,dmart_ahmedabad,Wagh Bakri Premium Leaf Tea Pouch 250 g / Tata Tea Gold 250 g / Brooke Bond Red Label Natural Care Tea 250 g,"same 2-3 Rajkot stores and same products every month; record price paid, pack and MRP"
M002,Antiseptic liquid,1.52,Fixed brand; 500 ml,L,dmart_ahmedabad,Dettol Antiseptic Liquid 550 ml / Dettol Antiseptic Liquid 1 L / Dettol Antiseptic Liquid 250 ml,"same 2-3 Rajkot stores and same products every month; record price paid, pack and MRP"
H001,Detergent powder,1.38,Fixed brand; 1 kg,kg,dmart_ahmedabad,Surf Excel Easy Wash Detergent Powder 1 kg / Rin Detergent Powder 1 kg / Wheel Active 2 In 1 Detergent Powder Green 1 kg,"same 2-3 Rajkot stores and same products every month; record price paid, pack and MRP"
P001,Bath soap,1.29,Fixed brand; 100 g,pc,dmart_ahmedabad,Lux Creamy Perfection Soap 125 g / Pears Soft & Fresh Bathing Bar 125 g / Dove Pink Radiance Bathing Bar 100 g,"same 2-3 Rajkot stores and same products every month; record price paid, pack and MRP"
F017,Biscuits,1.15,Fixed brand; fixed variety,kg,dmart_ahmedabad,Parle-G Original Gluco Biscuits 200 g / Britannia Marie Gold Biscuits 250 g / Parle Marie Biscuits 239.7 g,"same 2-3 Rajkot stores and same products every month; record price paid, pack and MRP"
C003,Sandals/footwear,0.95,Fixed model,pc,vishal_diary,,"same 2-3 Rajkot stores and same products every month; record price paid, pack and MRP"
F012,Ghee,0.93,Fixed brand; 1 L,kg,dmart_ahmedabad,Gowardhan Pure Cow Ghee Pouch 905 g / Milky Mist Ghee Pouch 910 g / Amul Cow Ghee Tin 905 g,"same 2-3 Rajkot stores and same products every month; record price paid, pack and MRP"
P003,Toothpaste,0.72,Fixed brand; 200 g,kg,dmart_ahmedabad,Colgate Strong Teeth Toothpaste 200 g / Patanjali Dant Kanti Dental Cream 200 g / Dabur Red Toothpaste 200 g,"same 2-3 Rajkot stores and same products every month; record price paid, pack and MRP"
P002,Shampoo,0.7,Fixed brand; 340 ml,L,dmart_ahmedabad,Dove Hair Fall Rescue Shampoo 340 ml / Clinic Plus Strong & Long Health Shampoo 340 ml / Sunsilk Lusciously Thick & Long Shampoo 340 ml,"same 2-3 Rajkot stores and same products every month; record price paid, pack and MRP"
F010,Curd,0.65,Fixed brand; 400 g,kg,dmart_ahmedabad,Amul Masti Curd 1 kg / Amul Masti Dahi 200 g,"same 2-3 Rajkot stores and same products every month; record price paid, pack and MRP"
E003,Notebook,0.65,Fixed brand; 172 pages,pc,dmart_ahmedabad,Freedom Longbook Regular - 172 Pages 1 Unit / Tru Note Longbook Regular (Assorted)- 172 Pages 1 Unit / Doms Single Line A4 Size Notebook - 140 Pages 1 Unit,"same 2-3 Rajkot stores and same products every month; record price paid, pack and MRP"
H004,Pressure cooker 3L,0.32,Fixed model,pc,dmart_ahmedabad,Hawkins Contura Black Hard Inner Lid Anodised Cooker CB30 - 3 L 1 Unit / Hawkins Miss Mary Inner Lid Pressure Cooker (MM30) - 3 L 1 Unit / Prestige Deluxe Plus Hard Outer Lid Anodised Pressure Handi Cooker - 3 L 1 Unit,"same 2-3 Rajkot stores and same products every month; record price paid, pack and MRP"
F019,Bread,0.22,Fixed brand; 400 g,kg,dmart_ahmedabad,Super White Bread 400 g / Super Crustless White Bread 300 g / Super White Bread 800 g,"same 2-3 Rajkot stores and same products every month; record price paid, pack and MRP"
H002,Dishwash liquid,0.2,Fixed brand; 500 ml,L,dmart_ahmedabad,Vim Dishwash Liquid Gel - Lemon Bottle 500 ml / Reflect Concentrated Gel Dishwash Liquid Refill (Pouch) 500 ml / Giffy Concentrated Dish Wash Gel 750 ml,"same 2-3 Rajkot stores and same products every month; record price paid, pack and MRP"
F018,Instant noodles,0.15,Fixed brand; 4-pack,kg,dmart_ahmedabad,Maggi Masala Noodles 280 g / Sunfeast Yippee Noodles Magic Masala 280 g / Top Ramen Curry Noodles 280 g,"same 2-3 Rajkot stores and same products every month; record price paid, pack and MRP"
F020,Eggs,0.13,"DoCA all-India retail panel level, Eggs (per dozen -> per egg) (proxy)",pc,doca_national,,"same 2-3 Rajkot stores and same products every month; record price paid, pack and MRP"
F015,Salt,0.1,Fixed brand; 1 kg,kg,dmart_ahmedabad,Tata Salt 1 kg / Aashirvaad Iodized Salt 1 kg,"same 2-3 Rajkot stores and same products every month; record price paid, pack and MRP"
H003,LED bulb 9W,0.1,Fixed brand,pc,dmart_ahmedabad,Nippo B22 LED Bulb 9 W / Eveready Cool Day Light White LED Bulb - 9 W 1 Unit / Crompton Greaves Ecoglo B22 CDL White LED Bulb 9 W,"same 2-3 Rajkot stores and same products every month; record price paid, pack and MRP"
F011,Butter,0.04,Fixed brand; 100 g,kg,doca_national,,"same 2-3 Rajkot stores and same products every month; record price paid, pack and MRP"
