date,key,speciality,fee
2026-10-06,harsh-babariya-general-physician:2095182,general-physician,200.0
2026-10-06,dr-54-general-physician:887785,general-physician,100.0
2026-10-06,dr-koshiya-general-physician:896598,general-physician,300.0
2026-10-06,gautam-y-dave-general-physician:896574,general-physician,500.0
2026-10-06,dr-subhash-sen-general-physician-1:1305797,general-physician,500.0
2026-10-06,kirit-vora-general-physician-1:1109849,general-physician,150.0
2026-10-06,dr-mansukhlal-bavanjibhai-dadhania-general-practitioner:1286654,general-physician,150.0
2026-10-06,dr-k-b-pandya-dermatologist-cosmetologist:886783,general-physician,900.0
2026-10-06,mahesh-rathod-general-physician:1262428,general-physician,500.0
2026-10-06,tejas-ramani-dermatologist:1208444,general-physician,500.0
2026-10-06,dr-samir-3-general-physician:898526,general-physician,1000.0
2026-10-06,dr-divyang-bhimani-paediatric-intensivist:900872,general-physician,300.0
2026-10-06,dr-64-gynecologist-obstetrician:887796,general-physician,100.0
2026-10-06,dr-t-r-vithalani-general-physician:907130,general-physician,30.0
2026-10-06,dr-chirag-matravadia-general-physician:898444,general-physician,800.0
2026-10-06,dr-a-r-bhapal-general-physician:896577,general-physician,70.0
2026-10-06,dr-vidyut-shah-endocrinologist:1405391,general-physician,600.0
2026-10-06,dr-m-g-patel-general-physician:896270,general-physician,500.0
2026-10-06,dr-122-general-physician:898172,general-physician,300.0
2026-10-06,dr-dr-hiren-general-physician:1184593,general-physician,300.0
2026-10-06,dr-chirag-aghara-diabetologist:1249612,general-physician,400.0
2026-10-06,rohan-parwani-orthopedist:1338210,general-physician,1000.0
2026-10-06,siraj-vadhvaniya-general-physician:1376795,general-physician,350.0
2026-10-06,dr-vyas-dilipkumar-bhikhalal-general-physician:731283,general-physician,700.0
2026-10-06,dr-hinali-thumar-ayurvedic-endocrinologist-internal-medicine-specialist:1336026,general-physician,100.0
2026-10-06,morzaria-hardikkumar-general-physician:1519342,general-physician,300.0
2026-10-06,dr-j-j-raithat-general-physician:964912,general-physician,100.0
2026-10-06,sunil-tolia-general-physician:1316041,general-physician,200.0
2026-10-06,dr-50-pediatric-surgeon:887773,general-physician,200.0
2026-10-06,brijesh-makadia-internal-medicine:897819,general-physician,400.0
2026-10-06,saparia-kuldeep-general-physician:964455,general-physician,400.0
2026-10-06,kavar-shreya-raghavjibhai-general-physician:1519322,general-physician,500.0
2026-10-06,dr-simit-jadia-diabetologist:1402895,general-physician,500.0
2026-10-06,dr-krutarth-kanjiya-infectious-diseases-physician:843037,general-physician,1200.0
2026-10-06,rangani-mukeshkumar-nalinbhai-general-physician:1603360,general-physician,300.0
2026-10-06,dr-maulik-hasnsalia-cardiologist-cardiologist:898450,general-physician,500.0
2026-10-06,shyam-maheta-general-physician:2084187,general-physician,100.0
2026-10-06,ravi-surani-general-physician:1612107,general-physician,400.0
2026-10-06,dr-jay-l-madhani-neurosurgeon:1192451,general-physician,500.0
2026-10-06,vivek-patel-3-ayurvedic-endocrinologist-internal-medicine-specialist-3:1393788,general-physician,400.0
2026-10-06,dr-pratik-7-dermatologist:1438292,general-physician,300.0
2026-10-06,dr-arpita-bhattacharya-general-physician:1600624,general-physician,30000.0
2026-10-06,dishant-vasoya-general-physician:1597529,general-physician,150.0
2026-10-06,bhargav-kalola-general-physician:2080581,general-physician,500.0
2026-10-06,indravijaysinh-general-physician:1599578,general-physician,150.0
2026-10-06,dr-tushar-sherasiya-ayurvedic-endocrinologist-internal-medicine-specialist:1393788,general-physician,300.0
2026-10-06,chaitanya-jain-general-physician:2190502,general-physician,500.0
2026-10-06,milind-gosai-ayurvedic-endocrinologist-internal-medicine-specialist-1:1468412,general-physician,100.0
2026-10-06,chikani-milan-general-physician:2085483,general-physician,100.0
2026-10-06,yogesh-26-general-physician-10:2086953,general-physician,200.0
2026-10-06,vishal-balkrishna-bosamiya-pediatrician:1681389,general-physician,500.0
2026-10-06,om-pravinbhai-faldu-general-physician:2087761,general-physician,250.0
2026-10-06,dr-divy-kiritbhai-sitapara-general-physician:2088066,general-physician,100.0
2026-10-06,dr-sankalp-vanzara-1-internal-medicine:2188586,internal-medicine,1450.0
2026-10-06,dr-ajay-parmar-general-medicine:1405433,internal-medicine,300.0
2026-10-06,dr-bhumi-dave-general-physician:731283,internal-medicine,1050.0
2026-10-06,vaibhav-kamlesh-daftary-general-medicine:1393788,internal-medicine,400.0
2026-10-06,dr-jayesh-sonvani-1-pediatrician:1045700,pediatrician,800.0
2026-10-06,dr-meera-dhani-pediatrician:1117814,pediatrician,600.0
2026-10-06,niraj-patel-1-pediatrician:895004,pediatrician,300.0
2026-10-06,dr-atul-rathod-pediatrician:999784,pediatrician,600.0
2026-10-06,nirav-j-karmata-pediatrician:1112144,pediatrician,400.0
2026-10-06,dr-tarun-gondalia-neurologist:896677,pediatrician,1000.0
2026-10-06,nishant-dharsandia-oncologist:898472,pediatrician,800.0
2026-10-06,dr-bhatt-vivek-prafulchandra-pediatrician:1403092,pediatrician,400.0
2026-10-06,trupati-vaishnani-pediatrician:731283,pediatrician,700.0
2026-10-06,dr-murtaza-makati-allergist-immunologist:2069742,pediatrician,800.0
2026-10-06,dr-n-n-sankharava-dentist:898447,pediatrician,400.0
2026-10-06,hiren-mashru-pediatrician:1027990,pediatrician,200.0
2026-10-06,rushi-suchak-paediatric-intensivist:1352440,pediatrician,1000.0
2026-10-06,dr-bhargav-sorathia-pediatrician:1386234,pediatrician,400.0
2026-10-06,mitul-unadkat-pediatrician:1141438,pediatrician,400.0
2026-10-06,bhavi-barchha-pediatric-cardiologist:731283,pediatrician,700.0
2026-10-06,jaydeep-kansagra-paediatrics:1236183,pediatrician,200.0
2026-10-06,dr-tejan-bhatt-emergency-critical-care:1141438,pediatrician,800.0
2026-10-06,dr-hitesh-dabhi-paediatrics:2189360,pediatrician,400.0
2026-10-06,parth-mali-pediatrician:1691890,pediatrician,300.0
2026-10-06,dr-rajesh-p-gorasia-gynecologist-obstetrician:888787,gynecologist-obstetrician,500.0
2026-10-06,dr-nila-mohile-gynecologist-obstetrician:902193,gynecologist-obstetrician,600.0
2026-10-06,sanjay-desai-gynecologist-obstetrician:1065549,gynecologist-obstetrician,400.0
2026-10-06,himani-shah-ayurvedic-endocrinologist-internal-medicine-specialist:1403092,gynecologist-obstetrician,300.0
2026-10-06,dr-jigna-ganatra-gynecologist-obstetrician:731283,gynecologist-obstetrician,700.0
2026-10-06,dr-shilpi-sankhala-gynecologist-obstetrician:1375032,gynecologist-obstetrician,400.0
2026-10-06,krushna-a-chag-gynecologist-obstetrician:1113505,gynecologist-obstetrician,300.0
2026-10-06,bhavin-kamani-gynecologist-obstetrician:1196096,gynecologist-obstetrician,600.0
2026-10-06,bhatt-miss-shaival-jayprakash-general-physician:1681532,gynecologist-obstetrician,800.0
2026-10-06,dr-anwar-sipai-gynecologist-obstetrician:1192451,gynecologist-obstetrician,200.0
2026-10-06,achal-saradava-orthopedist-1:2079034,orthopedist,900.0
2026-10-06,dr-harsh-kotecha-1-spine-surgeon:2079034,orthopedist,1150.0
2026-10-06,dr-dishit-vaghasia-1-orthopedist:2079034,orthopedist,900.0
2026-10-06,dr-dixit-savajiyani-1:2188586,orthopedist,800.0
2026-10-06,dr-amit-gandhi-orthopedist:898455,orthopedist,500.0
2026-10-06,dr-s-r-rao-orthopedist:890813,orthopedist,500.0
2026-10-06,dr-pareen-kantesaria-orthopedist-5:1237954,orthopedist,500.0
2026-10-06,dr-kaushal-patel-1-sports-medicine-specialist:1241227,orthopedist,500.0
2026-10-06,dr-parth-patel-2-ortho-surgeon:1382915,orthopedist,500.0
2026-10-06,dr-umangkumar-k-shihora-orthopedist:731283,orthopedist,1200.0
2026-10-06,dr-dharam-chandrani-orthopedist-1:731283,orthopedist,700.0
2026-10-06,dr-dhamsania-hardik-jagdishbhai-orthopedist:731283,orthopedist,550.0
2026-10-06,dr-abhishek-gol-orthopedist:1380414,orthopedist,500.0
2026-10-06,malhar-oza-dentist:1363802,orthopedist,200.0
2026-10-06,dr-vedant-n-shah-sports-medicine-surgeon:1597580,orthopedist,800.0
2026-10-06,dr-yash-j-kadivar-ortho-surgeon:2198796,orthopedist,500.0
2026-10-06,bhavesh-shah-1-dermatologist-cosmetologist:1026653,dermatologist,600.0
2026-10-06,dr-priyanka-sutariya-dermatologist-cosmetologist-dermatologist-dermatologist:1041411,dermatologist,700.0
2026-10-06,harshit-ranpara-dermatologist:1114477,dermatologist,800.0
2026-10-06,dr-62-venereologist:887106,dermatologist,700.0
2026-10-06,dr-asha-matravadia-dermatologist:898444,dermatologist,600.0
2026-10-06,mukesh-ruparelia-1-cosmetologist:1112441,dermatologist,500.0
2026-10-06,bhavesh-patel-dermatologist:1236205,dermatologist,300.0
2026-10-06,omdevsinh-gohil-dermatologist:1474237,dermatologist,600.0
2026-10-06,dr-dinesh-raj-4-cardiologist:2079034,cardiologist,750.0
2026-10-06,nikunj-kotecha-cardiologist:2079034,cardiologist,750.0
2026-10-06,dr-nilesh-kathiria-1-cardiologist:2079034,cardiologist,1150.0
2026-10-06,dr-mridul-sharma-1-cardiologist:2188586,cardiologist,2000.0
2026-10-06,dr-ankur-thummar-1-cardiologist:2188586,cardiologist,1000.0
2026-10-06,dr-tushar-bhatti-1-cardiologist:2188586,cardiologist,1000.0
2026-10-06,dr-renish-bera-1-cardiologist:2079034,cardiologist,1150.0
2026-10-06,dr-ravi-bhojani-1-cardiologist:2188586,cardiologist,1000.0
2026-10-06,dr-mandip-tilara-1-cardiologist:2188586,cardiologist,1000.0
2026-10-06,dr-dharmesh-solanki-cardiologist:731283,cardiologist,1450.0
2026-10-06,dr-abhishek-raval-cardiologist:731283,cardiologist,1200.0
2026-10-06,dr-kapil-virpariya-cardiologist:731283,cardiologist,1200.0
2026-10-06,dr-jaydeep-desai-cardiologist:887055,cardiologist,850.0
2026-10-06,dr-mehta-chintan-nilesh-cardiologist:731283,cardiologist,1200.0
2026-10-06,dr-hathi-varshit-dineshchandra-general-physician:731283,cardiologist,1200.0
2026-10-06,dr-umang-shukla-ear-nose-throat-ent-specialist-1:1065987,ear-nose-throat-ent-specialist,300.0
2026-10-06,dr-vaibhav-b-hapalia-ear-nose-throat-ent-specialist-1:1369852,ear-nose-throat-ent-specialist,1000.0
2026-10-06,dr-harsh-dudhat-pharmacist:1365885,ear-nose-throat-ent-specialist,400.0
2026-10-06,vasant-sapovadia-ophthalmologist:1326850,ophthalmologist,500.0
2026-10-06,dr-milan-thakkar-dentist:898471,ophthalmologist,500.0
2026-10-06,dr-53-ear-nose-throat-ent-specialist:887824,ophthalmologist,400.0
2026-10-06,suketu-bhapal-ophthalmologist:1040363,ophthalmologist,200.0
2026-10-06,rajen-mehta-ophthalmologist:1105321,ophthalmologist,50.0
2026-10-06,dr-bhavin-tilva-ophthalmologist:1326850,ophthalmologist,500.0
2026-10-06,dr-harshad-dudhagara-1:2198846,psychiatrist,499.0
2026-10-06,dr-paresh-shah-psychiatrist:885743,psychiatrist,600.0
2026-10-06,swati-braroo-psychiatrist:1187206,psychiatrist,800.0
2026-10-06,milankumar-jivrajbhai-rokad-psychiatrist:777675,psychiatrist,700.0
2026-10-06,drrajesh-ram-psychiatrist:1261978,psychiatrist,500.0
2026-10-06,parth-dharmesh-shah-psychiatrist:1262428,psychiatrist,600.0
2026-10-06,hiren-mor-psychiatrist:1397277,psychiatrist,500.0
2026-10-06,ankit-patel-3-psychiatrist-1:2096573,psychiatrist,700.0
2026-10-06,dr-vasundhra-sangwan-general-practitioner:731283,psychiatrist,700.0
2026-10-06,milan-nathvani-psychiatrist:1378596,psychiatrist,500.0
2026-10-06,dr-bhumi-khanpara-rabara-psychiatrist:2077600,psychiatrist,700.0
2026-10-06,bhavesh-patel-ayurvedic-endocrinologist-internal-medicine-specialist:1403351,psychiatrist,400.0
2026-10-06,bhavya-s-bhalodia-psychiatrist:1465152,psychiatrist,600.0
2026-10-06,dr-harsh-shah-8-neurologist:2079034,neurologist,1150.0
2026-10-06,dr-gaurang-vaghani-1-neurologist:2188586,neurologist,1000.0
2026-10-06,dr-nimish-trivedi-neurosurgeon:1000318,neurologist,800.0
2026-10-06,dr-kant-jogani-ear-nose-throat-ent-specialist:731283,neurologist,1200.0
2026-10-06,dr-ashutosh-dudhatra-neurologist:731283,neurologist,1200.0
2026-10-06,saumya-iyer-1-urologist:2079034,urologist,1150.0
2026-10-06,pratik-j-shah-urologist:843037,urologist,400.0
2026-10-06,dr-rajesh-ganatra-urologist:731283,urologist,1200.0
2026-10-06,dr-joshi-maitrey-yogeshbhai-urologist:731283,urologist,1200.0
2026-10-06,rishikesh-kalaria-gastroenterologist-1:2188586,gastroenterologist,1050.0
2026-10-06,gajendra-2-general-physician:1071648,gastroenterologist,800.0
2026-10-06,dr-kamani-praful-manjibhai-gastroenterologist:731283,gastroenterologist,1700.0
2026-10-06,dr-darshan-patel-gastroenterologist:731283,gastroenterologist,1400.0
2026-10-06,chintan-kansagra-gastroenterologist:1112578,gastroenterologist,1000.0
2026-10-06,dr-parth-mahesh-vadhadia-gastroenterologist:731283,gastroenterologist,1700.0
2026-10-06,dr-ankit-makadia-gastroenterologist:765375,gastroenterologist,800.0
2026-10-06,dr-birju-mori-endocrinologist-diabetologist:1119210,diabetologist,500.0
2026-10-06,dr-pankaj-patel-endocrinologist:684248,diabetologist,1200.0
2026-10-06,dr-kalpesh-s-kavar-diabetologist:937918,diabetologist,700.0
2026-10-06,dr-taniya-mehta-1-pulmonologist:2188586,pulmonologist,850.0
2026-10-06,dr-abhay-javia-pulmonologist:1246734,pulmonologist,1000.0
2026-10-06,dryagnesh-purohit-pulmonologist:1223174,pulmonologist,800.0
2026-10-06,milan-bhanderi-pulmonologist:731283,pulmonologist,1050.0
2026-10-06,dr-darshan-nimavat-pulmonologist:731283,pulmonologist,700.0
2026-10-06,dr-bhargav-j-kaneriya-pulmonologist:1223174,pulmonologist,800.0
2026-10-06,dr-yash-rana-respiratory-medicine:1412913,pulmonologist,900.0
2026-10-06,jay-vadgama-pulmonologist:1656652,pulmonologist,600.0
2026-10-06,dr-mayur-vaghela-1-general-surgeon:2188586,general-surgeon,850.0
2026-10-06,dr-kaushik-kotak-1-general-surgeon:2188586,general-surgeon,750.0
2026-10-06,dr-bipin-d-hapalia-general-surgeon:1369852,general-surgeon,800.0
2026-10-06,shrenuj-marvania-general-surgery-gasteroenterology:1192451,general-surgeon,300.0
2026-10-06,himal-rathod-gastrointestinal-surgeon:1600490,general-surgeon,450.0
