key,speciality,name,clinic,locality
harsh-babariya-general-physician:2095182,general-physician,Dr. Harsh Babariya,Orient Hospital,Nana Mava Road
dr-54-general-physician:887785,general-physician,Dr. Gajendra Mehta,Dr Gajendra U Mehta,Rajkot Mochi Bazar
dr-koshiya-general-physician:896598,general-physician,Dr. R. D. Koshiya,Dr Koshia Clinic,Rajkot New Jagnath Plot
gautam-y-dave-general-physician:896574,general-physician,Dr. Gautam Y Dave,Dave Clinic,Rajkot New Jagnath Plot
dr-subhash-sen-general-physician-1:1305797,general-physician,Dr. Subhash Sen,Dr Sen's Clinic,Rajkot Race Course Road
kirit-vora-general-physician-1:1109849,general-physician,Dr. Kirit Vora,Amee Health Center,Rajkot Race Course Road
dr-mansukhlal-bavanjibhai-dadhania-general-practitioner:1286654,general-physician,Dr. Mansukhlal Bavanjibhai Dadhania,Dadhania Clinic,Upleta
dr-k-b-pandya-dermatologist-cosmetologist:886783,general-physician,Dr. K.B Pandya,The Rejuvene Beauty Clinic,Rajkot Collectorate
mahesh-rathod-general-physician:1262428,general-physician,Dr. Mahesh Rathod,Rathod Hospital,Jagnath Plot
tejas-ramani-dermatologist:1208444,general-physician,Dr. Tejas Ramani,White Ink Laser Skin Care Boutique,Jagnath Plot
dr-samir-3-general-physician:898526,general-physician,Dr. Samir Prajapati,Shree Maa Krupa Clinic,Rajkot Manahar Plot
dr-divyang-bhimani-paediatric-intensivist:900872,general-physician,Dr. Divyang Bhimani,Divine Child Care Clinic,Mavdi
dr-64-gynecologist-obstetrician:887796,general-physician,Dr. J. B. Monpara,Dr Monpara Hospital,Rajkot Millpara
dr-t-r-vithalani-general-physician:907130,general-physician,Dr. T. R Vithalani,Obesity Clinic,Rajkot
dr-chirag-matravadia-general-physician:898444,general-physician,Dr. Chirag Matravadia,Bliss Consulting Rooms,Rajkot Manahar Plot
dr-a-r-bhapal-general-physician:896577,general-physician,Dr. A. R. Bhapal,Korgavkar Clinic,Rajkot New Jagnath Plot
dr-vidyut-shah-endocrinologist:1405391,general-physician,Dr. Vidyut Shah,Prarthana Hospital,Rajkot Bhaktinagar
dr-m-g-patel-general-physician:896270,general-physician,Dr. M G Patel,Om Clinic,Rajkot Millpara
dr-122-general-physician:898172,general-physician,Dr. Tejas Trivedi,Trivedi Hospital,Nana Mava
dr-dr-hiren-general-physician:1184593,general-physician,Dr. Hiren,Sanjivani Clinic,Rajkot Bhaktinagar
dr-chirag-aghara-diabetologist:1249612,general-physician,Dr. Chirag Aghara,Uma Diabetes Center,Morbi
rohan-parwani-orthopedist:1338210,general-physician,Dr. Rohan Parwani,shaishav Children Orthopedic Hospital,Rajkot Kalavad Road
siraj-vadhvaniya-general-physician:1376795,general-physician,Dr. Siraj Vadhvaniya,Vadhvaniya General Hospital,Rajkot Jn. Plot
dr-vyas-dilipkumar-bhikhalal-general-physician:731283,general-physician,Dr. Vyas Dilipkumar Bhikhalal,Wockhardt Hospital,Rajkot Kalavad Road
dr-hinali-thumar-ayurvedic-endocrinologist-internal-medicine-specialist:1336026,general-physician,Dr. Hinali Thumar,Maruti Clinic,Jetpur
morzaria-hardikkumar-general-physician:1519342,general-physician,Dr. Morzaria Hardikkumar,Shree Nathji Clinic,Railnagar
dr-j-j-raithat-general-physician:964912,general-physician,Dr. J.J Raithatha,Dr. J J Clinic,Rajkot Raiya Road
sunil-tolia-general-physician:1316041,general-physician,Dr. Sunil Tolia,Dr Sunil Tolia,Rajkot New Jagnath Plot
dr-50-pediatric-surgeon:887773,general-physician,Dr. Mayur Thadeshwar,Child Care Clinic,Rajkot Collectorate
brijesh-makadia-internal-medicine:897819,general-physician,Dr. Brijesh Makadia,Arpan Hospital,Rajkot D H College
saparia-kuldeep-general-physician:964455,general-physician,Dr. Saparia Kuldeep,Shree Clinic,Rajkot Raiya Road
kavar-shreya-raghavjibhai-general-physician:1519322,general-physician,Dr. KAVAR SHREYA RAGHAVJIBHAI,Shree Clinic,Railnagar
dr-simit-jadia-diabetologist:1402895,general-physician,Dr. Simit Jadia,Jadia Clinic,Palace Road
dr-krutarth-kanjiya-infectious-diseases-physician:843037,general-physician,Dr. Krutarth Kanjiya,Shiv hospital,Raiya
rangani-mukeshkumar-nalinbhai-general-physician:1603360,general-physician,Dr. Rangani Mukeshkumar Nalinbhai,Rangani Medicare and Dental Hospital,Ranchod Nagar
dr-maulik-hasnsalia-cardiologist-cardiologist:898450,general-physician,Dr. Maulik Hasnsalia,Cure Cardiology Clinic,Rajkot New Jagnath Plot
shyam-maheta-general-physician:2084187,general-physician,Dr. Shyam Maheta,Sushen Hospital,Gondal
ravi-surani-general-physician:1612107,general-physician,Dr. Ravi Surani,Shiv Hospital,Gondal
dr-jay-l-madhani-neurosurgeon:1192451,general-physician,Dr. Jay L Madhani,Christ Hospital,Madhapar
vivek-patel-3-ayurvedic-endocrinologist-internal-medicine-specialist-3:1393788,general-physician,Dr. Vivek Patel,Radhe Krishna Hospital,Morbi Shakti Plot
dr-pratik-7-dermatologist:1438292,general-physician,Dr. Pratik,Divine Skin and Panchakarma Clinic,Rajkot Bhaktinagar
dr-arpita-bhattacharya-general-physician:1600624,general-physician,Dr. Arpita Bhattacharya,Vedant Diagnostics,Rajkot Collectorate
dishant-vasoya-general-physician:1597529,general-physician,Dr. Dishant Vasoya,Community Health Centre,Rajkot Road
bhargav-kalola-general-physician:2080581,general-physician,Dr. Bhargav Kalola,Akshay Hospital,Morbi
indravijaysinh-general-physician:1599578,general-physician,Dr. Indravijaysinh,Om Hospital,Punit Nagar
dr-tushar-sherasiya-ayurvedic-endocrinologist-internal-medicine-specialist:1393788,general-physician,Dr. Tushar Sherasiya,Radhe Krishna Hospital,Morbi Shakti Plot
chaitanya-jain-general-physician:2190502,general-physician,Dr. Chaitanya A Jain,Wockhardt Hospitals,Girirajnagar
milind-gosai-ayurvedic-endocrinologist-internal-medicine-specialist-1:1468412,general-physician,Dr. Milind Gosai,Shivam Hospital,Jyoti Nagar Main Road
chikani-milan-general-physician:2085483,general-physician,Dr. Chikani Milan,Family health clinic,Rajkot Road
yogesh-26-general-physician-10:2086953,general-physician,Dr. Yogesh,Sai Clinic,Morbi
vishal-balkrishna-bosamiya-pediatrician:1681389,general-physician,Dr. Vishal Balkrishna Bosamiya,Child Clinic,Panchnath Plot
om-pravinbhai-faldu-general-physician:2087761,general-physician,Dr. Om Pravinbhai Faldu,Sanjeevani Clinic,University Road
dr-divy-kiritbhai-sitapara-general-physician:2088066,general-physician,Dr. Divy Kiritbhai Sitapara,Sitapara's clinic,Nana Mava
dr-sankalp-vanzara-1-internal-medicine:2188586,internal-medicine,Dr. Sankalp Vanzara,Sterling Hospital,Raiya Road
dr-ajay-parmar-general-medicine:1405433,internal-medicine,Dr. Ajay Parmar,Lotus Hospital,Kotharia
dr-bhumi-dave-general-physician:731283,internal-medicine,Dr. Bhumi P Bharatkumar,Wockhardt Hospital,Rajkot Kalavad Road
vaibhav-kamlesh-daftary-general-medicine:1393788,internal-medicine,Dr. Vaibhav Kamlesh Daftary,Radhe Krishna Hospital,Morbi Shakti Plot
dr-jayesh-sonvani-1-pediatrician:1045700,pediatrician,Dr. Jayesh Sonvani,Satnam Hospital,Kotecha Nagar
dr-meera-dhani-pediatrician:1117814,pediatrician,Dr. Meera Dhami,Sunrise Hospital,Rajkot Kalavad Road
niraj-patel-1-pediatrician:895004,pediatrician,Dr. Niraj Patel,Shri Navjivan Children Hospital,Rajkot Bhaktinagar
dr-atul-rathod-pediatrician:999784,pediatrician,Dr. Atul Rathod,Dr Atul Rathod Clinic,Rajkot Manahar Plot
nirav-j-karmata-pediatrician:1112144,pediatrician,Dr. Nirav J Karmata,Akshar Child Care,Hari Nagar
dr-tarun-gondalia-neurologist:896677,pediatrician,Dr. Tarun Gondalia,Child And Neurology Epilepsy center,Rajkot New Jagnath Plot
nishant-dharsandia-oncologist:898472,pediatrician,Dr. Nishant Dharsandia,Hem Onc Care Center,Rajkot Manahar Plot
dr-bhatt-vivek-prafulchandra-pediatrician:1403092,pediatrician,Dr. Bhatt Vivek Prafulchandra,Anish Hospital,Rajkot Race Course Road
trupati-vaishnani-pediatrician:731283,pediatrician,Dr. Trupati Vaishnani,Wockhardt Hospital,Rajkot Kalavad Road
dr-murtaza-makati-allergist-immunologist:2069742,pediatrician,Dr. Murtaza Makati,Dr Makati’s Pediateric Clinic,Rajkot Road
dr-n-n-sankharava-dentist:898447,pediatrician,Dr. N. N. Sankharava,Child Care Centre,Rajkot New Jagnath Plot
hiren-mashru-pediatrician:1027990,pediatrician,Dr. Hiren Mashru,Nihit Babycare Children Hospital,Rajkot Bhaktinagar
rushi-suchak-paediatric-intensivist:1352440,pediatrician,Dr. Rushi Suchak,Sanidhya Child Care,Rajkot Collectorate
dr-bhargav-sorathia-pediatrician:1386234,pediatrician,Dr. Bhargav Sorathia,Killol Children Hospital,Sadhu Vaswani Road
mitul-unadkat-pediatrician:1141438,pediatrician,Dr. MITUL UNADKAT,Sanidhya Neonatal and Child Unit,Rajkot Municipal Corporation
bhavi-barchha-pediatric-cardiologist:731283,pediatrician,Dr. Bhavi Barchha,Wockhardt Hospital,Rajkot Kalavad Road
jaydeep-kansagra-paediatrics:1236183,pediatrician,Dr. Jaydeep Kansagra,Spandan Children Hospital,Mota Mava
dr-tejan-bhatt-emergency-critical-care:1141438,pediatrician,Dr. Tejan Bhatt,Sanidhya Neonatal and Child Unit,Rajkot Municipal Corporation
dr-hitesh-dabhi-paediatrics:2189360,pediatrician,Dr. Dabhi Hitesh Rameshbhai,Baby Care Hospital,Morbi
parth-mali-pediatrician:1691890,pediatrician,Dr. Parth Mali,Pulse+ Hospital,Railnagar
dr-rajesh-p-gorasia-gynecologist-obstetrician:888787,gynecologist-obstetrician,Dr. Rajesh P Gorasia,Tejas Fertility Clinic,Rajkot Millpara
dr-nila-mohile-gynecologist-obstetrician:902193,gynecologist-obstetrician,Dr. Nila Mohile,Mohile Hospital,Rajkot New Jagnath Plot
sanjay-desai-gynecologist-obstetrician:1065549,gynecologist-obstetrician,Dr. Sanjay Desai,Payal Maternity Home,Rajkot Raiya Road
himani-shah-ayurvedic-endocrinologist-internal-medicine-specialist:1403092,gynecologist-obstetrician,Dr. Himani Shah,Anish Hospital,Rajkot Race Course Road
dr-jigna-ganatra-gynecologist-obstetrician:731283,gynecologist-obstetrician,Dr. Jigna Ganatra,Wockhardt Hospital,Rajkot Kalavad Road
dr-shilpi-sankhala-gynecologist-obstetrician:1375032,gynecologist-obstetrician,Dr. Shilpi Rathour,Sankhala Hospital,Rajkot Kalavad Road
krushna-a-chag-gynecologist-obstetrician:1113505,gynecologist-obstetrician,Dr. Krushna A. Chag,Krishna Multispeciality Hospital,Morbi
bhavin-kamani-gynecologist-obstetrician:1196096,gynecologist-obstetrician,Dr. Bhavin Kamani,Deverra Ivf And Center For Reproductive Medicine,Rajkot Kalavad Road
bhatt-miss-shaival-jayprakash-general-physician:1681532,gynecologist-obstetrician,Dr. Shaival Bhatt,Flowrence Hospital,Nana Mava Main Road
dr-anwar-sipai-gynecologist-obstetrician:1192451,gynecologist-obstetrician,Dr. Anwar Sipai,Christ Hospital,Madhapar
achal-saradava-orthopedist-1:2079034,orthopedist,Dr. Achal Saradava,HCG Hospital,150 Feet Ring Road
dr-harsh-kotecha-1-spine-surgeon:2079034,orthopedist,Dr. Harsh Kotecha,HCG Hospital,150 Feet Ring Road
dr-dishit-vaghasia-1-orthopedist:2079034,orthopedist,Dr. Dishit Vaghasia,HCG Hospital,150 Feet Ring Road
dr-dixit-savajiyani-1:2188586,orthopedist,Dr. Dixit Savajiyani,Sterling Hospital,Raiya Road
dr-amit-gandhi-orthopedist:898455,orthopedist,Dr. Amit Gandhi,Dr Amit Gandhi,Rajkot Manahar Plot
dr-s-r-rao-orthopedist:890813,orthopedist,Dr. S R Rao,Dr S R Clinic,Rajkot Bhaktinagar
dr-pareen-kantesaria-orthopedist-5:1237954,orthopedist,Dr. Pareen Kantesaria,Orthoplus Speciality Hospital,Rajkot Kalavad Road
dr-kaushal-patel-1-sports-medicine-specialist:1241227,orthopedist,Dr. Kaushal Patel,"Shiv Orthopaedic Superspeciality Hospital, Rajkot",Rajkot Malviyanagar
dr-parth-patel-2-ortho-surgeon:1382915,orthopedist,Dr. Parth Patel,Genesis Multi-Specialty Hospital,Rajkot Raiya Road
dr-umangkumar-k-shihora-orthopedist:731283,orthopedist,Dr. UmangKumar K Shihora,Wockhardt Hospital,Rajkot Kalavad Road
dr-dharam-chandrani-orthopedist-1:731283,orthopedist,Dr. Dharam Chandrani,Wockhardt Hospital,Rajkot Kalavad Road
dr-dhamsania-hardik-jagdishbhai-orthopedist:731283,orthopedist,Dr. Dhamsania Hardik Jagdishbhai,Wockhardt Hospital,Rajkot Kalavad Road
dr-abhishek-gol-orthopedist:1380414,orthopedist,Dr. Abhishek Gol,Gol Hospital,Derdi Kumbaji
malhar-oza-dentist:1363802,orthopedist,Dr. Malhar Oza,Rama Dental Clinic,Madhapar
dr-vedant-n-shah-sports-medicine-surgeon:1597580,orthopedist,Dr. Vedant N Shah,Hospital for Joint Surgery,Rajkot Jn. Plot
dr-yash-j-kadivar-ortho-surgeon:2198796,orthopedist,Dr. Kadivar Yash Jayantilal,WellCare Orthopaedic Hospital,Morbi
bhavesh-shah-1-dermatologist-cosmetologist:1026653,dermatologist,Dr. Bhavesh Shah,Advanced Skin Clinic,Rajkot New Jagnath Plot
dr-priyanka-sutariya-dermatologist-cosmetologist-dermatologist-dermatologist:1041411,dermatologist,Dr. Priyanka Sutariya,"Skin Experts Advanced Skin, Laser & Cosmetology Clinic",Rajkot Kalavad Road
harshit-ranpara-dermatologist:1114477,dermatologist,Dr. Harshit Ranpara,Adiva Centre For Skin & Hair,Rajkot Manahar Plot
dr-62-venereologist:887106,dermatologist,Dr. Suresh Joshipura,Skin Center,Jagnath Plot
dr-asha-matravadia-dermatologist:898444,dermatologist,Dr. Asha Matravadia,Bliss Consulting Rooms,Rajkot Manahar Plot
mukesh-ruparelia-1-cosmetologist:1112441,dermatologist,Dr. Mukesh Ruparelia,Devarsh Cosmetic Laser and Slimming Center,Rajkot Manahar Plot
bhavesh-patel-dermatologist:1236205,dermatologist,Dr. Bhavesh Sherasiya,skin clinic,Morbi
omdevsinh-gohil-dermatologist:1474237,dermatologist,Dr. Omdevsinh Gohil,Aqify Derma,Nana Mava Main Road
dr-dinesh-raj-4-cardiologist:2079034,cardiologist,Dr. Dinesh Raj,HCG Hospital,150 Feet Ring Road
nikunj-kotecha-cardiologist:2079034,cardiologist,Dr. Kotecha Nikunj Sureshbhai,HCG Hospital,150 Feet Ring Road
dr-nilesh-kathiria-1-cardiologist:2079034,cardiologist,Dr. Nilesh Kathiriya,HCG Hospital,150 Feet Ring Road
dr-mridul-sharma-1-cardiologist:2188586,cardiologist,Dr. Mridul Sharma,Sterling Hospital,Raiya Road
dr-ankur-thummar-1-cardiologist:2188586,cardiologist,Dr. Ankur Thummar Chandrakant,Sterling Hospital,Raiya Road
dr-tushar-bhatti-1-cardiologist:2188586,cardiologist,Dr. Bhatti Tusharkumar Bhikhubhai,Sterling Hospital,Raiya Road
dr-renish-bera-1-cardiologist:2079034,cardiologist,Dr. Renish Bera,HCG Hospital,150 Feet Ring Road
dr-ravi-bhojani-1-cardiologist:2188586,cardiologist,Dr. Ravi Bhojani,Sterling Hospital,Raiya Road
dr-mandip-tilara-1-cardiologist:2188586,cardiologist,Dr. Mandip K Tilara,Sterling Hospital,Raiya Road
dr-dharmesh-solanki-cardiologist:731283,cardiologist,Dr. Dharmesh Solanki,Wockhardt Hospital,Rajkot Kalavad Road
dr-abhishek-raval-cardiologist:731283,cardiologist,Dr. Abhishek Raval,Wockhardt Hospital,Rajkot Kalavad Road
dr-kapil-virpariya-cardiologist:731283,cardiologist,Dr. Kapil Virpariya,Wockhardt Hospital,Rajkot Kalavad Road
dr-jaydeep-desai-cardiologist:887055,cardiologist,Dr. Jaydeep Desai,Cardiac Consultant,Rajkot New Jagnath Plot
dr-mehta-chintan-nilesh-cardiologist:731283,cardiologist,Dr. Mehta Chintan Nilesh,Wockhardt Hospital,Rajkot Kalavad Road
dr-hathi-varshit-dineshchandra-general-physician:731283,cardiologist,Dr. Hathi Varshit Dineshchandra,Wockhardt Hospital,Rajkot Kalavad Road
dr-umang-shukla-ear-nose-throat-ent-specialist-1:1065987,ear-nose-throat-ent-specialist,Dr. Umang Shukla,Sinus Hospital,Rajkot New Jagnath Plot
dr-vaibhav-b-hapalia-ear-nose-throat-ent-specialist-1:1369852,ear-nose-throat-ent-specialist,Dr. Vaibhav B Hapalia,Dr B D Hapalia Surgical Hospital,Rajkot D H College
dr-harsh-dudhat-pharmacist:1365885,ear-nose-throat-ent-specialist,Dr. Harsh Dudhat,Krishna ENT Care,Rajkot Kalavad Road
vasant-sapovadia-ophthalmologist:1326850,ophthalmologist,Dr. Vasant Sapovadia,Netradeep Eye Hospital Pvt Ltd,Madhapar
dr-milan-thakkar-dentist:898471,ophthalmologist,Dr. Milan Thakkar,Dr. Milan's Retina Care Center,Rajkot Manahar Plot
dr-53-ear-nose-throat-ent-specialist:887824,ophthalmologist,Dr. Bharat Shah,Prarthna Clinic,Rajkot Millpara
suketu-bhapal-ophthalmologist:1040363,ophthalmologist,Dr. Suketu Bhapal,Ram Krishna Laser Centre And Eye Hospital,Nana Mava
rajen-mehta-ophthalmologist:1105321,ophthalmologist,Dr. Rajen Mehta,Shri Ramkrishna Ashram Medical Center,Rajkot Manahar Plot
dr-bhavin-tilva-ophthalmologist:1326850,ophthalmologist,Dr. Bhavin Tilva,Netradeep Eye Hospital Pvt Ltd,Madhapar
dr-harshad-dudhagara-1:2198846,psychiatrist,Dr. Harshad Dudhagara,Allo Sexual Health Clinic,University Road
dr-paresh-shah-psychiatrist:885743,psychiatrist,Dr. Paresh Shah,Dr. Paresh Shah Clinic,Rajkot
swati-braroo-psychiatrist:1187206,psychiatrist,Dr. Swati Braroo,Asha Neuro Psychiatric Clinic,Rajkot D H College
milankumar-jivrajbhai-rokad-psychiatrist:777675,psychiatrist,Dr. Milankumar Jivrajbhai Rokad,Shantvan Neuropsychiatry Hospital,Rajkot Manahar Plot
drrajesh-ram-psychiatrist:1261978,psychiatrist,Dr. Rajesh Ram,Mind Care Deaddiction & Neuropsychiatry Centre,Rajkot Raiya Road
parth-dharmesh-shah-psychiatrist:1262428,psychiatrist,Dr. Parth Dharmesh Shah,Rathod Hospital,Jagnath Plot
hiren-mor-psychiatrist:1397277,psychiatrist,Dr. Hiren Mor,Sattvam Psychiatry and Neuropsychiatry Clinic,Rajkot Collectorate
ankit-patel-3-psychiatrist-1:2096573,psychiatrist,Dr. Ankit Patel,Neuron Hospital,Nana Mava
dr-vasundhra-sangwan-general-practitioner:731283,psychiatrist,Dr. Vasundhra Sangwan,Wockhardt Hospital,Rajkot Kalavad Road
milan-nathvani-psychiatrist:1378596,psychiatrist,Dr. Milan Nathvani,Hope Psychiatry and Deaddiction Centre,Rajkot Raiya Road
dr-bhumi-khanpara-rabara-psychiatrist:2077600,psychiatrist,Dr. Bhumi Khanpara,Mind Plus Hospital,Nana Mava
bhavesh-patel-ayurvedic-endocrinologist-internal-medicine-specialist:1403351,psychiatrist,Dr. Bhavesh Patel,Manshree Neuropsychiatry Hospital,Morbi
bhavya-s-bhalodia-psychiatrist:1465152,psychiatrist,Dr. Bhavya S. Bhalodia,Sattva Hospital,Morbi
dr-harsh-shah-8-neurologist:2079034,neurologist,Dr. Harsh Shah,HCG Hospital,150 Feet Ring Road
dr-gaurang-vaghani-1-neurologist:2188586,neurologist,Dr. Gaurang Vaghani,Sterling Hospital,Raiya Road
dr-nimish-trivedi-neurosurgeon:1000318,neurologist,Dr. Nimish Trivedi,Naman Neuro Surgical Nursing Home,Rajkot Manahar Plot
dr-kant-jogani-ear-nose-throat-ent-specialist:731283,neurologist,Dr. Kant Jogani,Wockhardt Hospital,Rajkot Kalavad Road
dr-ashutosh-dudhatra-neurologist:731283,neurologist,Dr. Ashutosh Dudhatra,Wockhardt Hospital,Rajkot Kalavad Road
saumya-iyer-1-urologist:2079034,urologist,Dr. Saumya Iyer,HCG Hospital,150 Feet Ring Road
pratik-j-shah-urologist:843037,urologist,Dr. Pratik J Shah,Shiv hospital,Raiya
dr-rajesh-ganatra-urologist:731283,urologist,Dr. Rajesh Ganatra,Wockhardt Hospital,Rajkot Kalavad Road
dr-joshi-maitrey-yogeshbhai-urologist:731283,urologist,Dr. Joshi Maitrey Yogeshbhai,Wockhardt Hospital,Rajkot Kalavad Road
rishikesh-kalaria-gastroenterologist-1:2188586,gastroenterologist,Dr. Rishikesh Kalaria,Sterling Hospital,Raiya Road
gajendra-2-general-physician:1071648,gastroenterologist,Dr. Gajendra Odedra,Bless Multispeciality Clinic,Rajkot Kalavad Road
dr-kamani-praful-manjibhai-gastroenterologist:731283,gastroenterologist,Dr. Kamani Praful Manjibhai,Wockhardt Hospital,Rajkot Kalavad Road
dr-darshan-patel-gastroenterologist:731283,gastroenterologist,Dr. Darshan Patel,Wockhardt Hospital,Rajkot Kalavad Road
chintan-kansagra-gastroenterologist:1112578,gastroenterologist,Dr. Chintan Kansagra,Prime Institute of Digestive Sciences,Rajkot Bhaktinagar
dr-parth-mahesh-vadhadia-gastroenterologist:731283,gastroenterologist,Dr. Parth Mahesh Vadhadia,Wockhardt Hospital,Rajkot Kalavad Road
dr-ankit-makadia-gastroenterologist:765375,gastroenterologist,Dr. Ankit Makadia,Gokul Super Speciality Hospital,Rajkot Manahar Plot
dr-birju-mori-endocrinologist-diabetologist:1119210,diabetologist,Dr. Birju Mori,Mori Diabetes Centre,Rajkot New Jagnath Plot
dr-pankaj-patel-endocrinologist:684248,diabetologist,Dr. Pankaj Patel,Apex Endocrine Hospital and Dental Clinic,Rajkot Jn. Plot
dr-kalpesh-s-kavar-diabetologist:937918,diabetologist,Dr. Kalpesh S. Kavar,Lifespan Diabetes And Cardiometabolic Clinics,Rajkot Kalavad Road
dr-taniya-mehta-1-pulmonologist:2188586,pulmonologist,Dr. Taniya Sandipbhai Mehta,Sterling Hospital,Raiya Road
dr-abhay-javia-pulmonologist:1246734,pulmonologist,Dr. Abhay Javia,"Shwas - Allergy, Sleep & Chest Diseases Center",Nana Mava
dryagnesh-purohit-pulmonologist:1223174,pulmonologist,Dr. Yagnesh Purohit,Satvik Institute Of TB & Chest Diseases,Rajkot Bhaktinagar
milan-bhanderi-pulmonologist:731283,pulmonologist,Dr. Milan Bhanderi,Wockhardt Hospital,Rajkot Kalavad Road
dr-darshan-nimavat-pulmonologist:731283,pulmonologist,Dr. Darshan Nimavat,Wockhardt Hospital,Rajkot Kalavad Road
dr-bhargav-j-kaneriya-pulmonologist:1223174,pulmonologist,Dr. Bhargav J. Kaneriya,Satvik Institute Of TB & Chest Diseases,Rajkot Bhaktinagar
dr-yash-rana-respiratory-medicine:1412913,pulmonologist,Dr. Yash Rana,The Pranayam Respiratory Health Care Center,Sadhu Vaswani Road
jay-vadgama-pulmonologist:1656652,pulmonologist,Dr. Jay Vadgama,Pragati Multi-speciality Hospital,Mangla Main Road
dr-mayur-vaghela-1-general-surgeon:2188586,general-surgeon,Dr. Mayur Vaghela,Sterling Hospital,Raiya Road
dr-kaushik-kotak-1-general-surgeon:2188586,general-surgeon,Dr. Kotak Kaushik Jethalal,Sterling Hospital,Raiya Road
dr-bipin-d-hapalia-general-surgeon:1369852,general-surgeon,Dr. B D Hapalia,Dr B D Hapalia Surgical Hospital,Rajkot D H College
shrenuj-marvania-general-surgery-gasteroenterology:1192451,general-surgeon,Dr. Shrenuj Marvania,Christ Hospital,Madhapar
himal-rathod-gastrointestinal-surgeon:1600490,general-surgeon,Dr. Himal Rathod,Backbone Hospital,Nana Mava Main Road
