date,key,price,src
2025-03-27,style-inc:10389020,750.0,wayback
2025-03-27,style-inc:10389039,850.0,wayback
2025-03-27,style-inc:11878166,2000.0,wayback
2025-03-27,style-inc:11932434,300.0,wayback
2025-03-27,style-inc:11932444,350.0,wayback
2025-03-27,style-inc:12503031,1500.0,wayback
2025-03-27,style-inc:13541874,200.0,wayback
2025-03-27,style-inc:13862179,1000.0,wayback
2025-03-27,style-inc:13862591,3000.0,wayback
2025-03-27,style-inc:13871530,1800.0,wayback
2025-03-27,style-inc:13871540,1200.0,wayback
2025-03-27,style-inc:148430,700.0,wayback
2025-03-27,style-inc:148683,300.0,wayback
2025-03-27,style-inc:148685,200.0,wayback
2025-03-27,style-inc:148691,200.0,wayback
2025-03-27,style-inc:148692,250.0,wayback
2025-03-27,style-inc:148720,600.0,wayback
2025-03-27,style-inc:148724,500.0,wayback
2025-03-27,style-inc:148737,700.0,wayback
2025-03-27,style-inc:148762,300.0,wayback
2025-03-27,style-inc:148763,3000.0,wayback
2025-03-27,style-inc:148840,400.0,wayback
2025-03-27,style-inc:148844,450.0,wayback
2025-03-27,style-inc:148846,800.0,wayback
2025-03-27,style-inc:148851,2500.0,wayback
2025-03-27,style-inc:148853,2500.0,wayback
2025-03-27,style-inc:148870,450.0,wayback
2025-03-27,style-inc:148872,700.0,wayback
2025-03-27,style-inc:148884,200.0,wayback
2025-03-27,style-inc:148886,160.0,wayback
2025-03-27,style-inc:148889,400.0,wayback
2025-03-27,style-inc:148892,300.0,wayback
2025-03-27,style-inc:148893,200.0,wayback
2025-03-27,style-inc:148894,150.0,wayback
2025-03-27,style-inc:148895,60.0,wayback
2025-03-27,style-inc:148913,350.0,wayback
2025-03-27,style-inc:148916,300.0,wayback
2025-03-27,style-inc:148917,650.0,wayback
2025-03-27,style-inc:148921,350.0,wayback
2025-03-27,style-inc:148924,200.0,wayback
2025-03-27,style-inc:148926,700.0,wayback
2025-03-27,style-inc:148931,200.0,wayback
2025-03-27,style-inc:148932,90.0,wayback
2025-03-27,style-inc:148933,90.0,wayback
2025-03-27,style-inc:148935,390.0,wayback
2025-03-27,style-inc:148936,1500.0,wayback
2025-03-27,style-inc:148946,550.0,wayback
2025-03-27,style-inc:148957,650.0,wayback
2025-03-27,style-inc:149835,50.0,wayback
2025-03-27,style-inc:149837,30.0,wayback
2025-03-27,style-inc:149840,30.0,wayback
2025-03-27,style-inc:149843,30.0,wayback
2025-03-27,style-inc:149892,150.0,wayback
2025-03-27,style-inc:149901,250.0,wayback
2025-03-27,style-inc:149917,250.0,wayback
2025-03-27,style-inc:149929,800.0,wayback
2025-03-27,style-inc:149932,900.0,wayback
2025-03-27,style-inc:149935,1600.0,wayback
2025-03-27,style-inc:149954,200.0,wayback
2025-03-27,style-inc:149955,200.0,wayback
2025-03-27,style-inc:149957,100.0,wayback
2025-03-27,style-inc:149958,300.0,wayback
2025-03-27,style-inc:150016,1500.0,wayback
2025-03-27,style-inc:15618531,400.0,wayback
2025-03-27,style-inc:15618548,450.0,wayback
2025-03-27,style-inc:15626043,400.0,wayback
2025-03-27,style-inc:15626050,450.0,wayback
2025-03-27,style-inc:15630412,2600.0,wayback
2025-03-27,style-inc:15654399,2600.0,wayback
2025-03-27,style-inc:15676594,5000.0,wayback
2025-03-27,style-inc:16544826,2000.0,wayback
2025-03-27,style-inc:3031762,400.0,wayback
2025-03-27,style-inc:3050652,100.0,wayback
2025-03-27,style-inc:3063439,550.0,wayback
2025-03-27,style-inc:3070732,200.0,wayback
2025-03-27,style-inc:3161993,150.0,wayback
2025-03-27,style-inc:3162004,100.0,wayback
2025-03-27,style-inc:5668407,2500.0,wayback
2025-03-27,style-inc:5932632,1500.0,wayback
2025-03-27,style-inc:6428914,50.0,wayback
2025-03-27,style-inc:7738684,100.0,wayback
2025-03-27,style-inc:7999007,200.0,wayback
2025-03-27,style-inc:7999018,90.0,wayback
2026-04-11,style-inc:10389020,750.0,wayback
2026-04-11,style-inc:10389039,850.0,wayback
2026-04-11,style-inc:11878166,2000.0,wayback
2026-04-11,style-inc:11932434,300.0,wayback
2026-04-11,style-inc:11932444,350.0,wayback
2026-04-11,style-inc:12503031,1500.0,wayback
2026-04-11,style-inc:13541874,200.0,wayback
2026-04-11,style-inc:13862179,1000.0,wayback
2026-04-11,style-inc:13862591,3000.0,wayback
2026-04-11,style-inc:13871530,1800.0,wayback
2026-04-11,style-inc:13871540,1200.0,wayback
2026-04-11,style-inc:148430,1000.0,wayback
2026-04-11,style-inc:148683,400.0,wayback
2026-04-11,style-inc:148685,300.0,wayback
2026-04-11,style-inc:148691,200.0,wayback
2026-04-11,style-inc:148692,250.0,wayback
2026-04-11,style-inc:148720,600.0,wayback
2026-04-11,style-inc:148724,500.0,wayback
2026-04-11,style-inc:148737,700.0,wayback
2026-04-11,style-inc:148762,300.0,wayback
2026-04-11,style-inc:148763,3000.0,wayback
2026-04-11,style-inc:148840,400.0,wayback
2026-04-11,style-inc:148844,550.0,wayback
2026-04-11,style-inc:148846,1000.0,wayback
2026-04-11,style-inc:148851,2800.0,wayback
2026-04-11,style-inc:148853,3000.0,wayback
2026-04-11,style-inc:148870,700.0,wayback
2026-04-11,style-inc:148872,1000.0,wayback
2026-04-11,style-inc:148884,200.0,wayback
2026-04-11,style-inc:148886,160.0,wayback
2026-04-11,style-inc:148889,400.0,wayback
2026-04-11,style-inc:148892,300.0,wayback
2026-04-11,style-inc:148893,200.0,wayback
2026-04-11,style-inc:148894,150.0,wayback
2026-04-11,style-inc:148895,60.0,wayback
2026-04-11,style-inc:148913,350.0,wayback
2026-04-11,style-inc:148916,300.0,wayback
2026-04-11,style-inc:148917,650.0,wayback
2026-04-11,style-inc:148921,350.0,wayback
2026-04-11,style-inc:148924,200.0,wayback
2026-04-11,style-inc:148926,700.0,wayback
2026-04-11,style-inc:148931,200.0,wayback
2026-04-11,style-inc:148932,90.0,wayback
2026-04-11,style-inc:148933,90.0,wayback
2026-04-11,style-inc:148935,390.0,wayback
2026-04-11,style-inc:148936,1500.0,wayback
2026-04-11,style-inc:148946,550.0,wayback
2026-04-11,style-inc:148957,650.0,wayback
2026-04-11,style-inc:149835,50.0,wayback
2026-04-11,style-inc:149837,30.0,wayback
2026-04-11,style-inc:149840,30.0,wayback
2026-04-11,style-inc:149843,30.0,wayback
2026-04-11,style-inc:149892,150.0,wayback
2026-04-11,style-inc:149901,250.0,wayback
2026-04-11,style-inc:149917,250.0,wayback
2026-04-11,style-inc:149929,800.0,wayback
2026-04-11,style-inc:149932,900.0,wayback
2026-04-11,style-inc:149935,1600.0,wayback
2026-04-11,style-inc:149954,200.0,wayback
2026-04-11,style-inc:149955,200.0,wayback
2026-04-11,style-inc:149957,100.0,wayback
2026-04-11,style-inc:149958,300.0,wayback
2026-04-11,style-inc:150016,1500.0,wayback
2026-04-11,style-inc:15618531,400.0,wayback
2026-04-11,style-inc:15618548,450.0,wayback
2026-04-11,style-inc:15626043,400.0,wayback
2026-04-11,style-inc:15626050,450.0,wayback
2026-04-11,style-inc:15630412,2600.0,wayback
2026-04-11,style-inc:15654399,2600.0,wayback
2026-04-11,style-inc:15676594,5000.0,wayback
2026-04-11,style-inc:16544826,2000.0,wayback
2026-04-11,style-inc:21041731,2500.0,wayback
2026-04-11,style-inc:21041742,2500.0,wayback
2026-04-11,style-inc:22581658,800.0,wayback
2026-04-11,style-inc:22895071,500.0,wayback
2026-04-11,style-inc:23156828,700.0,wayback
2026-04-11,style-inc:3031762,1000.0,wayback
2026-04-11,style-inc:3050652,100.0,wayback
2026-04-11,style-inc:3063439,600.0,wayback
2026-04-11,style-inc:3070732,300.0,wayback
2026-04-11,style-inc:3161993,300.0,wayback
2026-04-11,style-inc:3162004,150.0,wayback
2026-04-11,style-inc:5668407,2500.0,wayback
2026-04-11,style-inc:5932632,1500.0,wayback
2026-04-11,style-inc:6428914,50.0,wayback
2026-04-11,style-inc:7738684,100.0,wayback
2026-04-11,style-inc:7999007,200.0,wayback
2026-04-11,style-inc:7999018,90.0,wayback
2026-10-06,style-inc:10389020,750.0,live
2026-10-06,style-inc:10389039,850.0,live
2026-10-06,style-inc:11878166,2000.0,live
2026-10-06,style-inc:11932434,400.0,live
2026-10-06,style-inc:11932444,500.0,live
2026-10-06,style-inc:12503031,1500.0,live
2026-10-06,style-inc:13541874,200.0,live
2026-10-06,style-inc:13862179,1000.0,live
2026-10-06,style-inc:13862591,3000.0,live
2026-10-06,style-inc:13871428,4000.0,live
2026-10-06,style-inc:13871530,1800.0,live
2026-10-06,style-inc:13871540,1200.0,live
2026-10-06,style-inc:148430,1000.0,live
2026-10-06,style-inc:148683,400.0,live
2026-10-06,style-inc:148685,300.0,live
2026-10-06,style-inc:148691,300.0,live
2026-10-06,style-inc:148692,400.0,live
2026-10-06,style-inc:148720,600.0,live
2026-10-06,style-inc:148724,500.0,live
2026-10-06,style-inc:148737,700.0,live
2026-10-06,style-inc:148762,300.0,live
2026-10-06,style-inc:148763,3000.0,live
2026-10-06,style-inc:148840,400.0,live
2026-10-06,style-inc:148844,550.0,live
2026-10-06,style-inc:148846,1000.0,live
2026-10-06,style-inc:148851,2800.0,live
2026-10-06,style-inc:148853,3000.0,live
2026-10-06,style-inc:148870,700.0,live
2026-10-06,style-inc:148872,1000.0,live
2026-10-06,style-inc:148884,200.0,live
2026-10-06,style-inc:148886,160.0,live
2026-10-06,style-inc:148889,400.0,live
2026-10-06,style-inc:148892,300.0,live
2026-10-06,style-inc:148893,200.0,live
2026-10-06,style-inc:148894,150.0,live
2026-10-06,style-inc:148895,60.0,live
2026-10-06,style-inc:148913,350.0,live
2026-10-06,style-inc:148916,300.0,live
2026-10-06,style-inc:148917,650.0,live
2026-10-06,style-inc:148921,350.0,live
2026-10-06,style-inc:148922,450.0,live
2026-10-06,style-inc:148924,200.0,live
2026-10-06,style-inc:148926,700.0,live
2026-10-06,style-inc:148927,350.0,live
2026-10-06,style-inc:148929,400.0,live
2026-10-06,style-inc:148931,200.0,live
2026-10-06,style-inc:148932,90.0,live
2026-10-06,style-inc:148933,90.0,live
2026-10-06,style-inc:148935,390.0,live
2026-10-06,style-inc:148936,1500.0,live
2026-10-06,style-inc:148946,550.0,live
2026-10-06,style-inc:148957,650.0,live
2026-10-06,style-inc:149835,50.0,live
2026-10-06,style-inc:149837,30.0,live
2026-10-06,style-inc:149840,30.0,live
2026-10-06,style-inc:149843,30.0,live
2026-10-06,style-inc:149892,150.0,live
2026-10-06,style-inc:149901,250.0,live
2026-10-06,style-inc:149917,250.0,live
2026-10-06,style-inc:149929,800.0,live
2026-10-06,style-inc:149932,1200.0,live
2026-10-06,style-inc:149935,1600.0,live
2026-10-06,style-inc:149954,200.0,live
2026-10-06,style-inc:149955,200.0,live
2026-10-06,style-inc:149957,100.0,live
2026-10-06,style-inc:149958,300.0,live
2026-10-06,style-inc:150016,1500.0,live
2026-10-06,style-inc:15618531,400.0,live
2026-10-06,style-inc:15618548,450.0,live
2026-10-06,style-inc:15626043,400.0,live
2026-10-06,style-inc:15626050,450.0,live
2026-10-06,style-inc:15630412,2600.0,live
2026-10-06,style-inc:15654399,2600.0,live
2026-10-06,style-inc:15676594,5000.0,live
2026-10-06,style-inc:16544826,2000.0,live
2026-10-06,style-inc:21041731,2500.0,live
2026-10-06,style-inc:21041742,2500.0,live
2026-10-06,style-inc:22581658,800.0,live
2026-10-06,style-inc:22895071,500.0,live
2026-10-06,style-inc:23156828,700.0,live
2026-10-06,style-inc:24181832,500.0,live
2026-10-06,style-inc:25289273,6500.0,live
2026-10-06,style-inc:25289281,4500.0,live
2026-10-06,style-inc:25289307,5500.0,live
2026-10-06,style-inc:25289310,2600.0,live
2026-10-06,style-inc:25289314,2600.0,live
2026-10-06,style-inc:25289323,2600.0,live
2026-10-06,style-inc:25289325,2600.0,live
2026-10-06,style-inc:25289334,2200.0,live
2026-10-06,style-inc:25289340,1500.0,live
2026-10-06,style-inc:25289344,2200.0,live
2026-10-06,style-inc:3031762,1000.0,live
2026-10-06,style-inc:3050652,100.0,live
2026-10-06,style-inc:3063439,600.0,live
2026-10-06,style-inc:3070732,300.0,live
2026-10-06,style-inc:3161993,300.0,live
2026-10-06,style-inc:3162004,150.0,live
2026-10-06,style-inc:5668407,2500.0,live
2026-10-06,style-inc:5932632,1500.0,live
2026-10-06,style-inc:6428914,50.0,live
2026-10-06,style-inc:7738684,100.0,live
2026-10-06,style-inc:7999007,200.0,live
2026-10-06,style-inc:7999018,90.0,live
2026-10-10,style-inc:10389020,750.0,live
2026-10-10,style-inc:10389039,850.0,live
2026-10-10,style-inc:11878166,2000.0,live
2026-10-10,style-inc:11932434,400.0,live
2026-10-10,style-inc:11932444,500.0,live
2026-10-10,style-inc:12503031,1500.0,live
2026-10-10,style-inc:13541874,200.0,live
2026-10-10,style-inc:13862179,1000.0,live
2026-10-10,style-inc:13862591,3000.0,live
2026-10-10,style-inc:13871428,4000.0,live
2026-10-10,style-inc:13871530,1800.0,live
2026-10-10,style-inc:13871540,1200.0,live
2026-10-10,style-inc:148430,1000.0,live
2026-10-10,style-inc:148683,400.0,live
2026-10-10,style-inc:148685,300.0,live
2026-10-10,style-inc:148691,300.0,live
2026-10-10,style-inc:148692,400.0,live
2026-10-10,style-inc:148720,600.0,live
2026-10-10,style-inc:148724,500.0,live
2026-10-10,style-inc:148737,700.0,live
2026-10-10,style-inc:148762,300.0,live
2026-10-10,style-inc:148763,3000.0,live
2026-10-10,style-inc:148840,400.0,live
2026-10-10,style-inc:148844,550.0,live
2026-10-10,style-inc:148846,1000.0,live
2026-10-10,style-inc:148851,2800.0,live
2026-10-10,style-inc:148853,3000.0,live
2026-10-10,style-inc:148870,700.0,live
2026-10-10,style-inc:148872,1000.0,live
2026-10-10,style-inc:148884,200.0,live
2026-10-10,style-inc:148886,160.0,live
2026-10-10,style-inc:148889,400.0,live
2026-10-10,style-inc:148892,300.0,live
2026-10-10,style-inc:148893,200.0,live
2026-10-10,style-inc:148894,150.0,live
2026-10-10,style-inc:148895,60.0,live
2026-10-10,style-inc:148913,350.0,live
2026-10-10,style-inc:148916,300.0,live
2026-10-10,style-inc:148917,650.0,live
2026-10-10,style-inc:148921,350.0,live
2026-10-10,style-inc:148922,450.0,live
2026-10-10,style-inc:148924,200.0,live
2026-10-10,style-inc:148926,700.0,live
2026-10-10,style-inc:148927,350.0,live
2026-10-10,style-inc:148929,400.0,live
2026-10-10,style-inc:148931,200.0,live
2026-10-10,style-inc:148932,90.0,live
2026-10-10,style-inc:148933,90.0,live
2026-10-10,style-inc:148935,390.0,live
2026-10-10,style-inc:148936,1500.0,live
2026-10-10,style-inc:148946,550.0,live
2026-10-10,style-inc:148957,650.0,live
2026-10-10,style-inc:149835,50.0,live
2026-10-10,style-inc:149837,30.0,live
2026-10-10,style-inc:149840,30.0,live
2026-10-10,style-inc:149843,30.0,live
2026-10-10,style-inc:149892,150.0,live
2026-10-10,style-inc:149901,250.0,live
2026-10-10,style-inc:149917,250.0,live
2026-10-10,style-inc:149929,800.0,live
2026-10-10,style-inc:149932,1200.0,live
2026-10-10,style-inc:149935,1600.0,live
2026-10-10,style-inc:149954,200.0,live
2026-10-10,style-inc:149955,200.0,live
2026-10-10,style-inc:149957,100.0,live
2026-10-10,style-inc:149958,300.0,live
2026-10-10,style-inc:150016,1500.0,live
2026-10-10,style-inc:15618531,400.0,live
2026-10-10,style-inc:15618548,450.0,live
2026-10-10,style-inc:15626043,400.0,live
2026-10-10,style-inc:15626050,450.0,live
2026-10-10,style-inc:15630412,2600.0,live
2026-10-10,style-inc:15654399,2600.0,live
2026-10-10,style-inc:15676594,5000.0,live
2026-10-10,style-inc:16544826,2000.0,live
2026-10-10,style-inc:21041731,2500.0,live
2026-10-10,style-inc:21041742,2500.0,live
2026-10-10,style-inc:22581658,800.0,live
2026-10-10,style-inc:22895071,500.0,live
2026-10-10,style-inc:23156828,700.0,live
2026-10-10,style-inc:24181832,500.0,live
2026-10-10,style-inc:25289273,6500.0,live
2026-10-10,style-inc:25289281,4500.0,live
2026-10-10,style-inc:25289307,5500.0,live
2026-10-10,style-inc:25289310,2600.0,live
2026-10-10,style-inc:25289314,2600.0,live
2026-10-10,style-inc:25289323,2600.0,live
2026-10-10,style-inc:25289325,2600.0,live
2026-10-10,style-inc:25289334,2200.0,live
2026-10-10,style-inc:25289340,1500.0,live
2026-10-10,style-inc:25289344,2200.0,live
2026-10-10,style-inc:3031762,1000.0,live
2026-10-10,style-inc:3050652,100.0,live
2026-10-10,style-inc:3063439,600.0,live
2026-10-10,style-inc:3070732,300.0,live
2026-10-10,style-inc:3161993,300.0,live
2026-10-10,style-inc:3162004,150.0,live
2026-10-10,style-inc:5668407,2500.0,live
2026-10-10,style-inc:5932632,1500.0,live
2026-10-10,style-inc:6428914,50.0,live
2026-10-10,style-inc:7738684,100.0,live
2026-10-10,style-inc:7999007,200.0,live
2026-10-10,style-inc:7999018,90.0,live
