date,item_id,url,price,in_stock
2026-10-04,C001,https://www.vishalmegamart.com/en-in/mens-fashion/topwear/casual-shirts/driftwood-mens-light-blue-cotton-long-sleeve-collar-shirt/1110067605LBL.html,299.0,0
2026-10-04,C001,https://www.vishalmegamart.com/en-in/mens-fashion/topwear/casual-shirts/driftwood-mens-light-grey-cotton-long-sleeve-collar-shirt/1110067932LGY.html,699.0,0
2026-10-04,C001,https://www.vishalmegamart.com/en-in/mens-fashion/topwear/casual-shirts/driftwood-mens-olive-green-cotton-casual-shirt/1110067732LGN.html,699.0,0
2026-10-04,C001,https://www.vishalmegamart.com/en-in/mens-fashion/topwear/casual-shirts/driftwood-mens-green-cotton-long-sleeves-spread-collar-shirt/1110067341LGN.html,399.0,0
2026-10-04,C001,https://www.vishalmegamart.com/en-in/mens-fashion/topwear/casual-shirts/driftwood-men-olive-green-cotton-long-sleeves-spread-collar-regular-fit-shirt/1110067540OLV.html,699.0,0
2026-10-04,C001,https://www.vishalmegamart.com/en-in/mens-fashion/topwear/casual-shirts/driftwood-mens-navy-blue-cotton-long-sleeves-collar-regular-fit-casual-shirt/1110067768NVY.html,699.0,0
2026-10-04,C001,https://www.vishalmegamart.com/en-in/mens-fashion/topwear/casual-shirts/mavie-mens-green-cotton-long-sleeve-button-down-casual-shirt/1110067544LGN.html,599.0,0
2026-10-04,C001,https://www.vishalmegamart.com/en-in/mens-fashion/topwear/casual-shirts/driftwood-mens-brown-cotton-striped-shirt/1110067336BRW.html,399.0,0
2026-10-04,C001,https://www.vishalmegamart.com/en-in/mens-fashion/topwear/formal-shirts/black-tie-mens-white-formal-shirt/1110067152WHT.html,249.0,0
2026-10-04,C001,https://www.vishalmegamart.com/en-in/mens-fashion/topwear/formal-shirts/black-tie-mens-light-blue-formal-shirt/1110067296AQA.html,249.0,0
2026-10-04,C001,https://www.vishalmegamart.com/en-in/mens-fashion/topwear/formal-shirts/black-tie-mens-mint-green-regular-fit-formal-shirt/1110067635LGN.html,249.0,0
2026-10-04,C001,https://www.vishalmegamart.com/en-in/mens-fashion/topwear/formal-shirts/black-tie-mens-olive-green-formal-shirt/1110067762DGR.html,399.0,0
2026-10-04,C001,https://www.vishalmegamart.com/en-in/mens-fashion/topwear/formal-shirts/black-tie-mens-mid-blue-long-sleeve-spread-collar-formal-shirt/1110067287MBU.html,399.0,0
2026-10-04,C001,https://www.vishalmegamart.com/en-in/mens-fashion/topwear/formal-shirts/black-tie-mens-white-formal-shirt/1110067760WHT.html,249.0,0
2026-10-04,C001,https://www.vishalmegamart.com/en-in/mens-fashion/topwear/formal-shirts/black-tie-mens-maroon-striped-formal-shirt/1110067607MRN.html,399.0,0
2026-10-04,C001,https://www.vishalmegamart.com/en-in/mens-fashion/topwear/formal-shirts/black-tie-men-mint-green-formal-shirt/1110067262LGN.html,249.0,0
2026-10-04,C002,https://www.vishalmegamart.com/en-in/mens-fashion/bottomwear/jeans/wavelength-mens-light-blue-slim-fit-solid-jeans/1112047011LBL.html,399.0,0
2026-10-04,C002,https://www.vishalmegamart.com/en-in/mens-fashion/bottomwear/jeans/wavelength-mens-black-slim-fit-jeans/1112047012BLK.html,399.0,0
2026-10-04,C002,https://www.vishalmegamart.com/en-in/mens-fashion/bottomwear/jeans/wavelength-mens-light-blue-slim-fit-washed-jeans/1112047014LBL.html,399.0,0
2026-10-04,C002,https://www.vishalmegamart.com/en-in/mens-fashion/bottomwear/jeans/wavelength-mens-dark-grey-slim-fit-washed-jeans/1112046885DGY.html,399.0,0
2026-10-04,C002,https://www.vishalmegamart.com/en-in/mens-fashion/bottomwear/jeans/wavelength-mens-grey-slim-fit-solid-jeans/1112047012LGY.html,399.0,0
2026-10-04,C002,https://www.vishalmegamart.com/en-in/mens-fashion/bottomwear/jeans/wavelength-mens-blue-slim-fit-washed-jeans/1112047120MBU.html,399.0,0
2026-10-04,C002,https://www.vishalmegamart.com/en-in/mens-fashion/bottomwear/jeans/wavelength-mens-grey-slim-fit-faded-jeans/1112047451DGY.html,899.0,0
2026-10-04,C002,https://www.vishalmegamart.com/en-in/mens-fashion/bottomwear/jeans/wavelength-mens-navy-blue-slim-fit-faded-jeans/1112047118MBU.html,399.0,0
2026-10-04,C002,https://www.vishalmegamart.com/en-in/mens-fashion/bottomwear/jeans/wavelength-mens-navy-blue-straight-fit-washed-jeans/1112046888MBU.html,399.0,0
2026-10-04,C002,https://www.vishalmegamart.com/en-in/mens-fashion/bottomwear/jeans/wavelength-mens-grey-slim-fit-faded-jeans/1112047655LGY.html,899.0,0
2026-10-04,C002,https://www.vishalmegamart.com/en-in/mens-fashion/bottomwear/jeans/wavelength-mens-charcoal-straight-fit-washed-jeans/1112047228DGY.html,999.0,0
2026-10-04,C002,https://www.vishalmegamart.com/en-in/mens-fashion/bottomwear/jeans/wavelength-mens-navy-blue-slim-fit-classic-five-pocket-jeans/1112046924DBL.html,399.0,0
2026-10-04,C003,https://www.vishalmegamart.com/en-in/mens-fashion/footwear/sandals/brink-mens-beige-slip-on-slide-sandals/1251050068BEG.html,199.0,0
2026-10-04,C003,https://www.vishalmegamart.com/en-in/mens-fashion/footwear/sandals/slant-boys-teal-velcro-strap-strappy-sandals/1251048567TBL.html,299.0,0
2026-10-04,C003,https://www.vishalmegamart.com/en-in/mens-fashion/footwear/sandals/brink-men-brown-printed-slip-on-sliders/1251049024BRW.html,199.0,0
2026-10-04,C003,https://www.vishalmegamart.com/en-in/mens-fashion/footwear/sandals/brink-mens-black-slip-on-slide-sandals/1251049236BLK.html,199.0,0
2026-10-04,C003,https://www.vishalmegamart.com/en-in/mens-fashion/footwear/sandals/brink-mens-black-slip-on-strappy-sandals/1251051555BLK.html,499.0,0
2026-10-04,C003,https://www.vishalmegamart.com/en-in/mens-fashion/footwear/sandals/relaxo-mens-black-velcro-strap-strappy-sandals/1251051128BLK.html,799.0,0
2026-10-04,C003,https://www.vishalmegamart.com/en-in/mens-fashion/footwear/sandals/brink-mens-tan-slip-on-mule-sandals/1251051564TAN.html,499.0,0
2026-10-04,C003,https://www.vishalmegamart.com/en-in/mens-fashion/footwear/sandals/brink-mens-tan-pu-thong-slip-on-sandals/1251051084TAN.html,199.0,0
2026-10-04,C003,https://www.vishalmegamart.com/en-in/mens-fashion/footwear/slippers/brink-mens-beige-slip-on-clogs/1251049289BEG.html,199.0,0
2026-10-04,C003,https://www.vishalmegamart.com/en-in/mens-fashion/footwear/slippers/brink-mens-grey-slip-on-clogs/1251049027GRY.html,299.0,0
2026-10-04,C003,https://www.vishalmegamart.com/en-in/mens-fashion/footwear/slippers/brink-mens-olive-green-slip-on-clogs/1251049289OLV.html,199.0,0
2026-10-04,C003,https://www.vishalmegamart.com/en-in/mens-fashion/footwear/slippers/brink-men-olive-green-flip-flop-slippers/1251049026OLV.html,299.0,0
2026-10-04,C003,https://www.vishalmegamart.com/en-in/mens-fashion/footwear/slippers/brink-mens-black-striped-slip-on-sliders/1251050609BLK.html,199.0,0
2026-10-04,C003,https://www.vishalmegamart.com/en-in/mens-fashion/footwear/slippers/brink-men-olive-green-slip-on-flip-flop-slippers/1251049719OLV.html,149.0,0
2026-10-04,C003,https://www.vishalmegamart.com/en-in/mens-fashion/footwear/slippers/brink-mens-tan-thong-slip-on-flip-flops/1251048988TAN.html,149.0,0
2026-10-04,C003,https://www.vishalmegamart.com/en-in/mens-fashion/footwear/slippers/brink-mens-navy-blue-striped-thong-strap-flip-flops/1251049113NVY.html,149.0,0
2026-10-06,C001,https://www.vishalmegamart.com/en-in/mens-fashion/topwear/casual-shirts/driftwood-mens-light-blue-cotton-long-sleeve-collar-shirt/1110067605LBL.html,299.0,0
2026-10-06,C001,https://www.vishalmegamart.com/en-in/mens-fashion/topwear/casual-shirts/driftwood-mens-light-grey-cotton-long-sleeve-collar-shirt/1110067932LGY.html,699.0,0
2026-10-06,C001,https://www.vishalmegamart.com/en-in/mens-fashion/topwear/casual-shirts/driftwood-mens-olive-green-cotton-casual-shirt/1110067732LGN.html,699.0,0
2026-10-06,C001,https://www.vishalmegamart.com/en-in/mens-fashion/topwear/casual-shirts/driftwood-mens-green-cotton-long-sleeves-spread-collar-shirt/1110067341LGN.html,399.0,0
2026-10-06,C001,https://www.vishalmegamart.com/en-in/mens-fashion/topwear/casual-shirts/driftwood-men-olive-green-cotton-long-sleeves-spread-collar-regular-fit-shirt/1110067540OLV.html,699.0,0
2026-10-06,C001,https://www.vishalmegamart.com/en-in/mens-fashion/topwear/casual-shirts/driftwood-mens-navy-blue-cotton-long-sleeves-collar-regular-fit-casual-shirt/1110067768NVY.html,699.0,0
2026-10-06,C001,https://www.vishalmegamart.com/en-in/mens-fashion/topwear/casual-shirts/mavie-mens-green-cotton-long-sleeve-button-down-casual-shirt/1110067544LGN.html,599.0,0
2026-10-06,C001,https://www.vishalmegamart.com/en-in/mens-fashion/topwear/casual-shirts/driftwood-mens-brown-cotton-striped-shirt/1110067336BRW.html,399.0,0
2026-10-06,C001,https://www.vishalmegamart.com/en-in/mens-fashion/topwear/formal-shirts/black-tie-mens-white-formal-shirt/1110067152WHT.html,249.0,0
2026-10-06,C001,https://www.vishalmegamart.com/en-in/mens-fashion/topwear/formal-shirts/black-tie-mens-light-blue-formal-shirt/1110067296AQA.html,249.0,0
2026-10-06,C001,https://www.vishalmegamart.com/en-in/mens-fashion/topwear/formal-shirts/black-tie-mens-mint-green-regular-fit-formal-shirt/1110067635LGN.html,249.0,0
2026-10-06,C001,https://www.vishalmegamart.com/en-in/mens-fashion/topwear/formal-shirts/black-tie-mens-olive-green-formal-shirt/1110067762DGR.html,399.0,0
2026-10-06,C001,https://www.vishalmegamart.com/en-in/mens-fashion/topwear/formal-shirts/black-tie-mens-mid-blue-long-sleeve-spread-collar-formal-shirt/1110067287MBU.html,399.0,0
2026-10-06,C001,https://www.vishalmegamart.com/en-in/mens-fashion/topwear/formal-shirts/black-tie-mens-white-formal-shirt/1110067760WHT.html,249.0,0
2026-10-06,C001,https://www.vishalmegamart.com/en-in/mens-fashion/topwear/formal-shirts/black-tie-mens-maroon-striped-formal-shirt/1110067607MRN.html,399.0,0
2026-10-06,C001,https://www.vishalmegamart.com/en-in/mens-fashion/topwear/formal-shirts/black-tie-men-mint-green-formal-shirt/1110067262LGN.html,249.0,0
2026-10-06,C002,https://www.vishalmegamart.com/en-in/mens-fashion/bottomwear/jeans/wavelength-mens-light-blue-slim-fit-solid-jeans/1112047011LBL.html,399.0,0
2026-10-06,C002,https://www.vishalmegamart.com/en-in/mens-fashion/bottomwear/jeans/wavelength-mens-black-slim-fit-jeans/1112047012BLK.html,399.0,0
2026-10-06,C002,https://www.vishalmegamart.com/en-in/mens-fashion/bottomwear/jeans/wavelength-mens-light-blue-slim-fit-washed-jeans/1112047014LBL.html,399.0,0
2026-10-06,C002,https://www.vishalmegamart.com/en-in/mens-fashion/bottomwear/jeans/wavelength-mens-dark-grey-slim-fit-washed-jeans/1112046885DGY.html,399.0,0
2026-10-06,C002,https://www.vishalmegamart.com/en-in/mens-fashion/bottomwear/jeans/wavelength-mens-grey-slim-fit-solid-jeans/1112047012LGY.html,399.0,0
2026-10-06,C002,https://www.vishalmegamart.com/en-in/mens-fashion/bottomwear/jeans/wavelength-mens-blue-slim-fit-washed-jeans/1112047120MBU.html,399.0,0
2026-10-06,C002,https://www.vishalmegamart.com/en-in/mens-fashion/bottomwear/jeans/wavelength-mens-grey-slim-fit-faded-jeans/1112047451DGY.html,899.0,0
2026-10-06,C002,https://www.vishalmegamart.com/en-in/mens-fashion/bottomwear/jeans/wavelength-mens-navy-blue-slim-fit-faded-jeans/1112047118MBU.html,399.0,0
2026-10-06,C002,https://www.vishalmegamart.com/en-in/mens-fashion/bottomwear/jeans/wavelength-mens-navy-blue-straight-fit-washed-jeans/1112046888MBU.html,399.0,0
2026-10-06,C002,https://www.vishalmegamart.com/en-in/mens-fashion/bottomwear/jeans/wavelength-mens-grey-slim-fit-faded-jeans/1112047655LGY.html,899.0,0
2026-10-06,C002,https://www.vishalmegamart.com/en-in/mens-fashion/bottomwear/jeans/wavelength-mens-charcoal-straight-fit-washed-jeans/1112047228DGY.html,999.0,0
2026-10-06,C002,https://www.vishalmegamart.com/en-in/mens-fashion/bottomwear/jeans/wavelength-mens-navy-blue-slim-fit-classic-five-pocket-jeans/1112046924DBL.html,399.0,0
2026-10-06,C003,https://www.vishalmegamart.com/en-in/mens-fashion/footwear/sandals/brink-mens-beige-slip-on-slide-sandals/1251050068BEG.html,199.0,0
2026-10-06,C003,https://www.vishalmegamart.com/en-in/mens-fashion/footwear/sandals/slant-boys-teal-velcro-strap-strappy-sandals/1251048567TBL.html,299.0,0
2026-10-06,C003,https://www.vishalmegamart.com/en-in/mens-fashion/footwear/sandals/brink-men-brown-printed-slip-on-sliders/1251049024BRW.html,199.0,0
2026-10-06,C003,https://www.vishalmegamart.com/en-in/mens-fashion/footwear/sandals/brink-mens-black-slip-on-slide-sandals/1251049236BLK.html,199.0,0
2026-10-06,C003,https://www.vishalmegamart.com/en-in/mens-fashion/footwear/sandals/brink-mens-black-slip-on-strappy-sandals/1251051555BLK.html,499.0,0
2026-10-06,C003,https://www.vishalmegamart.com/en-in/mens-fashion/footwear/sandals/relaxo-mens-black-velcro-strap-strappy-sandals/1251051128BLK.html,799.0,0
2026-10-06,C003,https://www.vishalmegamart.com/en-in/mens-fashion/footwear/sandals/brink-mens-tan-slip-on-mule-sandals/1251051564TAN.html,499.0,0
2026-10-06,C003,https://www.vishalmegamart.com/en-in/mens-fashion/footwear/sandals/brink-mens-tan-pu-thong-slip-on-sandals/1251051084TAN.html,199.0,0
2026-10-06,C003,https://www.vishalmegamart.com/en-in/mens-fashion/footwear/slippers/brink-mens-beige-slip-on-clogs/1251049289BEG.html,199.0,0
2026-10-06,C003,https://www.vishalmegamart.com/en-in/mens-fashion/footwear/slippers/brink-mens-grey-slip-on-clogs/1251049027GRY.html,299.0,0
2026-10-06,C003,https://www.vishalmegamart.com/en-in/mens-fashion/footwear/slippers/brink-mens-olive-green-slip-on-clogs/1251049289OLV.html,199.0,0
2026-10-06,C003,https://www.vishalmegamart.com/en-in/mens-fashion/footwear/slippers/brink-men-olive-green-flip-flop-slippers/1251049026OLV.html,299.0,0
2026-10-06,C003,https://www.vishalmegamart.com/en-in/mens-fashion/footwear/slippers/brink-mens-black-striped-slip-on-sliders/1251050609BLK.html,199.0,0
2026-10-06,C003,https://www.vishalmegamart.com/en-in/mens-fashion/footwear/slippers/brink-men-olive-green-slip-on-flip-flop-slippers/1251049719OLV.html,149.0,0
2026-10-06,C003,https://www.vishalmegamart.com/en-in/mens-fashion/footwear/slippers/brink-mens-tan-thong-slip-on-flip-flops/1251048988TAN.html,149.0,0
2026-10-06,C003,https://www.vishalmegamart.com/en-in/mens-fashion/footwear/slippers/brink-mens-navy-blue-striped-thong-strap-flip-flops/1251049113NVY.html,149.0,0
2026-10-10,C001,https://www.vishalmegamart.com/en-in/mens-fashion/topwear/casual-shirts/driftwood-mens-light-blue-cotton-long-sleeve-collar-shirt/1110067605LBL.html,299.0,0
2026-10-10,C001,https://www.vishalmegamart.com/en-in/mens-fashion/topwear/casual-shirts/driftwood-mens-light-grey-cotton-long-sleeve-collar-shirt/1110067932LGY.html,699.0,0
2026-10-10,C001,https://www.vishalmegamart.com/en-in/mens-fashion/topwear/casual-shirts/driftwood-mens-olive-green-cotton-casual-shirt/1110067732LGN.html,699.0,0
2026-10-10,C001,https://www.vishalmegamart.com/en-in/mens-fashion/topwear/casual-shirts/driftwood-mens-green-cotton-long-sleeves-spread-collar-shirt/1110067341LGN.html,399.0,0
2026-10-10,C001,https://www.vishalmegamart.com/en-in/mens-fashion/topwear/casual-shirts/driftwood-men-olive-green-cotton-long-sleeves-spread-collar-regular-fit-shirt/1110067540OLV.html,699.0,0
2026-10-10,C001,https://www.vishalmegamart.com/en-in/mens-fashion/topwear/casual-shirts/driftwood-mens-navy-blue-cotton-long-sleeves-collar-regular-fit-casual-shirt/1110067768NVY.html,699.0,0
2026-10-10,C001,https://www.vishalmegamart.com/en-in/mens-fashion/topwear/casual-shirts/mavie-mens-green-cotton-long-sleeve-button-down-casual-shirt/1110067544LGN.html,599.0,0
2026-10-10,C001,https://www.vishalmegamart.com/en-in/mens-fashion/topwear/casual-shirts/driftwood-mens-brown-cotton-striped-shirt/1110067336BRW.html,399.0,0
2026-10-10,C001,https://www.vishalmegamart.com/en-in/mens-fashion/topwear/formal-shirts/black-tie-mens-white-formal-shirt/1110067152WHT.html,249.0,0
2026-10-10,C001,https://www.vishalmegamart.com/en-in/mens-fashion/topwear/formal-shirts/black-tie-mens-light-blue-formal-shirt/1110067296AQA.html,249.0,0
2026-10-10,C001,https://www.vishalmegamart.com/en-in/mens-fashion/topwear/formal-shirts/black-tie-mens-mint-green-regular-fit-formal-shirt/1110067635LGN.html,249.0,0
2026-10-10,C001,https://www.vishalmegamart.com/en-in/mens-fashion/topwear/formal-shirts/black-tie-mens-olive-green-formal-shirt/1110067762DGR.html,399.0,0
2026-10-10,C001,https://www.vishalmegamart.com/en-in/mens-fashion/topwear/formal-shirts/black-tie-mens-mid-blue-long-sleeve-spread-collar-formal-shirt/1110067287MBU.html,399.0,0
2026-10-10,C001,https://www.vishalmegamart.com/en-in/mens-fashion/topwear/formal-shirts/black-tie-mens-white-formal-shirt/1110067760WHT.html,249.0,0
2026-10-10,C001,https://www.vishalmegamart.com/en-in/mens-fashion/topwear/formal-shirts/black-tie-mens-maroon-striped-formal-shirt/1110067607MRN.html,399.0,0
2026-10-10,C001,https://www.vishalmegamart.com/en-in/mens-fashion/topwear/formal-shirts/black-tie-men-mint-green-formal-shirt/1110067262LGN.html,249.0,0
2026-10-10,C002,https://www.vishalmegamart.com/en-in/mens-fashion/bottomwear/jeans/wavelength-mens-light-blue-slim-fit-solid-jeans/1112047011LBL.html,399.0,0
2026-10-10,C002,https://www.vishalmegamart.com/en-in/mens-fashion/bottomwear/jeans/wavelength-mens-black-slim-fit-jeans/1112047012BLK.html,399.0,0
2026-10-10,C002,https://www.vishalmegamart.com/en-in/mens-fashion/bottomwear/jeans/wavelength-mens-light-blue-slim-fit-washed-jeans/1112047014LBL.html,399.0,0
2026-10-10,C002,https://www.vishalmegamart.com/en-in/mens-fashion/bottomwear/jeans/wavelength-mens-dark-grey-slim-fit-washed-jeans/1112046885DGY.html,399.0,0
2026-10-10,C002,https://www.vishalmegamart.com/en-in/mens-fashion/bottomwear/jeans/wavelength-mens-grey-slim-fit-solid-jeans/1112047012LGY.html,399.0,0
2026-10-10,C002,https://www.vishalmegamart.com/en-in/mens-fashion/bottomwear/jeans/wavelength-mens-blue-slim-fit-washed-jeans/1112047120MBU.html,399.0,0
2026-10-10,C002,https://www.vishalmegamart.com/en-in/mens-fashion/bottomwear/jeans/wavelength-mens-grey-slim-fit-faded-jeans/1112047451DGY.html,899.0,0
2026-10-10,C002,https://www.vishalmegamart.com/en-in/mens-fashion/bottomwear/jeans/wavelength-mens-navy-blue-slim-fit-faded-jeans/1112047118MBU.html,399.0,0
2026-10-10,C002,https://www.vishalmegamart.com/en-in/mens-fashion/bottomwear/jeans/wavelength-mens-navy-blue-straight-fit-washed-jeans/1112046888MBU.html,399.0,0
2026-10-10,C002,https://www.vishalmegamart.com/en-in/mens-fashion/bottomwear/jeans/wavelength-mens-grey-slim-fit-faded-jeans/1112047655LGY.html,899.0,0
2026-10-10,C002,https://www.vishalmegamart.com/en-in/mens-fashion/bottomwear/jeans/wavelength-mens-charcoal-straight-fit-washed-jeans/1112047228DGY.html,999.0,0
2026-10-10,C002,https://www.vishalmegamart.com/en-in/mens-fashion/bottomwear/jeans/wavelength-mens-navy-blue-slim-fit-classic-five-pocket-jeans/1112046924DBL.html,399.0,0
2026-10-10,C003,https://www.vishalmegamart.com/en-in/mens-fashion/footwear/sandals/brink-mens-beige-slip-on-slide-sandals/1251050068BEG.html,199.0,0
2026-10-10,C003,https://www.vishalmegamart.com/en-in/mens-fashion/footwear/sandals/slant-boys-teal-velcro-strap-strappy-sandals/1251048567TBL.html,299.0,0
2026-10-10,C003,https://www.vishalmegamart.com/en-in/mens-fashion/footwear/sandals/brink-men-brown-printed-slip-on-sliders/1251049024BRW.html,199.0,0
2026-10-10,C003,https://www.vishalmegamart.com/en-in/mens-fashion/footwear/sandals/brink-mens-black-slip-on-slide-sandals/1251049236BLK.html,199.0,0
2026-10-10,C003,https://www.vishalmegamart.com/en-in/mens-fashion/footwear/sandals/brink-mens-black-slip-on-strappy-sandals/1251051555BLK.html,499.0,0
2026-10-10,C003,https://www.vishalmegamart.com/en-in/mens-fashion/footwear/sandals/relaxo-mens-black-velcro-strap-strappy-sandals/1251051128BLK.html,799.0,0
2026-10-10,C003,https://www.vishalmegamart.com/en-in/mens-fashion/footwear/sandals/brink-mens-tan-slip-on-mule-sandals/1251051564TAN.html,499.0,0
2026-10-10,C003,https://www.vishalmegamart.com/en-in/mens-fashion/footwear/sandals/brink-mens-tan-pu-thong-slip-on-sandals/1251051084TAN.html,199.0,0
2026-10-10,C003,https://www.vishalmegamart.com/en-in/mens-fashion/footwear/slippers/brink-mens-beige-slip-on-clogs/1251049289BEG.html,199.0,0
2026-10-10,C003,https://www.vishalmegamart.com/en-in/mens-fashion/footwear/slippers/brink-mens-grey-slip-on-clogs/1251049027GRY.html,299.0,0
2026-10-10,C003,https://www.vishalmegamart.com/en-in/mens-fashion/footwear/slippers/brink-mens-olive-green-slip-on-clogs/1251049289OLV.html,199.0,0
2026-10-10,C003,https://www.vishalmegamart.com/en-in/mens-fashion/footwear/slippers/brink-men-olive-green-flip-flop-slippers/1251049026OLV.html,299.0,0
2026-10-10,C003,https://www.vishalmegamart.com/en-in/mens-fashion/footwear/slippers/brink-mens-black-striped-slip-on-sliders/1251050609BLK.html,199.0,0
2026-10-10,C003,https://www.vishalmegamart.com/en-in/mens-fashion/footwear/slippers/brink-men-olive-green-slip-on-flip-flop-slippers/1251049719OLV.html,149.0,0
2026-10-10,C003,https://www.vishalmegamart.com/en-in/mens-fashion/footwear/slippers/brink-mens-tan-thong-slip-on-flip-flops/1251048988TAN.html,149.0,0
2026-10-10,C003,https://www.vishalmegamart.com/en-in/mens-fashion/footwear/slippers/brink-mens-navy-blue-striped-thong-strap-flip-flops/1251049113NVY.html,149.0,0
