date,item_id,brand,handle,sku,variant,price,compare_at,provenance
2025-08-16,H003,Crompton,9w-b22-dynaray-led-bulb,LED9WNDFWB1SWW,Warm White,150.0,,wayback:20250816024909
2025-08-16,H003,Crompton,9w-b22-dynaray-led-bulb,LED9WNDFWB2SCDL,Cool Day Light,150.0,,wayback:20250816024909
2025-10-08,H003,Crompton,9w-b22-dynaray-led-bulb,LED9WNDFWB1SWW,Warm White,150.0,,wayback:20251008074207
2025-10-08,H003,Crompton,9w-b22-dynaray-led-bulb,LED9WNDFWB2SCDL,Cool Day Light,150.0,,wayback:20251008074207
2026-10-02,H003,Crompton,9w-b22-dynaray-led-bulb,LED9WNDFWB1SWW,Warm White,150.0,,live
2026-10-02,H003,Crompton,9w-b22-dynaray-led-bulb,LED9WNDFWB2SCDL,Cool Day Light,150.0,,live
2026-10-02,H003,Crompton,9w-e27-dynaray-led-bulb,LED9WESWBCDL,Cool Day Light,155.0,,live
2026-10-02,H003,Crompton,9w-e27-dynaray-led-bulb,LED9WESWBWW,Warm White,155.0,,live
2026-10-02,H003,Crompton,9w-e27-dynaray-led-bulb-1,LED9WNDFWBCDL,Cool Day Light,150.0,,live
2026-10-02,H003,Crompton,9w-e27-dynaray-led-bulb-1,LED9WNDFWBWW,Warm White,155.0,,live
2026-10-02,H003,Crompton,9w-e27-dynaray-led-bulb-2,LED9WNESWBCDL,Cool Day Light,150.0,,live
2026-10-02,H003,Crompton,9w-e27-dynaray-led-bulb-2,LED9WNESWBWW,Warm White,150.0,,live
2026-10-02,H004,Bajaj,inner-lid-aluminium-pressure-cooker,710004,3L,1804.0,,live
2026-10-02,H004,Bajaj,inner-lid-handi-shaped-aluminium-pressure-cooker,710025,3L,2005.0,,live
2026-10-02,H004,Bajaj,inner-lid-stainless-steel-pressure-cooker,710331,3L,3383.0,,live
2026-10-02,H003,Bajaj,ivora-plus-hb-led-lamp-9w-cdl,830423,Default Title,145.0,,live
2026-10-02,H004,Bajaj,nutrihealth-outer-lid-stainless-steel-pressure-cooker,710452,3L,2019.0,,live
2026-10-02,H004,Bajaj,outer-lid-aluminium-pressure-cooker,710000,3L,1701.0,,live
2026-10-02,H004,Bajaj,outer-lid-stainless-steel-pressure-cooker,710333,3L,2624.0,,live
2026-10-03,H003,Crompton,9w-b22-dynaray-led-bulb,LED9WNDFWB1SWW,Warm White,150.0,,live
2026-10-03,H003,Crompton,9w-b22-dynaray-led-bulb,LED9WNDFWB2SCDL,Cool Day Light,150.0,,live
2026-10-03,H003,Crompton,9w-e27-dynaray-led-bulb,LED9WESWBCDL,Cool Day Light,155.0,,live
2026-10-03,H003,Crompton,9w-e27-dynaray-led-bulb,LED9WESWBWW,Warm White,155.0,,live
2026-10-03,H003,Crompton,9w-e27-dynaray-led-bulb-1,LED9WNDFWBCDL,Cool Day Light,150.0,,live
2026-10-03,H003,Crompton,9w-e27-dynaray-led-bulb-1,LED9WNDFWBWW,Warm White,155.0,,live
2026-10-03,H003,Crompton,9w-e27-dynaray-led-bulb-2,LED9WNESWBCDL,Cool Day Light,150.0,,live
2026-10-03,H003,Crompton,9w-e27-dynaray-led-bulb-2,LED9WNESWBWW,Warm White,150.0,,live
2026-10-03,H004,Bajaj,inner-lid-aluminium-pressure-cooker,710004,3L,1804.0,,live
2026-10-03,H004,Bajaj,inner-lid-handi-shaped-aluminium-pressure-cooker,710025,3L,2005.0,,live
2026-10-03,H004,Bajaj,inner-lid-stainless-steel-pressure-cooker,710331,3L,3383.0,,live
2026-10-03,H003,Bajaj,ivora-plus-hb-led-lamp-9w-cdl,830423,Default Title,145.0,,live
2026-10-03,H004,Bajaj,nutrihealth-outer-lid-stainless-steel-pressure-cooker,710452,3L,2019.0,,live
2026-10-03,H004,Bajaj,outer-lid-aluminium-pressure-cooker,710000,3L,1701.0,,live
2026-10-03,H004,Bajaj,outer-lid-stainless-steel-pressure-cooker,710333,3L,2624.0,,live
2026-10-04,H003,Crompton,9w-b22-dynaray-led-bulb,LED9WNDFWB1SWW,Warm White,150.0,,live
2026-10-04,H003,Crompton,9w-b22-dynaray-led-bulb,LED9WNDFWB2SCDL,Cool Day Light,150.0,,live
2026-10-04,H003,Crompton,9w-e27-dynaray-led-bulb,LED9WESWBCDL,Cool Day Light,155.0,,live
2026-10-04,H003,Crompton,9w-e27-dynaray-led-bulb,LED9WESWBWW,Warm White,155.0,,live
2026-10-04,H003,Crompton,9w-e27-dynaray-led-bulb-1,LED9WNDFWBCDL,Cool Day Light,150.0,,live
2026-10-04,H003,Crompton,9w-e27-dynaray-led-bulb-1,LED9WNDFWBWW,Warm White,155.0,,live
2026-10-04,H003,Crompton,9w-e27-dynaray-led-bulb-2,LED9WNESWBCDL,Cool Day Light,150.0,,live
2026-10-04,H003,Crompton,9w-e27-dynaray-led-bulb-2,LED9WNESWBWW,Warm White,150.0,,live
2026-10-04,H004,Bajaj,inner-lid-aluminium-pressure-cooker,710004,3L,1804.0,,live
2026-10-04,H004,Bajaj,inner-lid-handi-shaped-aluminium-pressure-cooker,710025,3L,2005.0,,live
2026-10-04,H004,Bajaj,inner-lid-stainless-steel-pressure-cooker,710331,3L,3383.0,,live
2026-10-04,H003,Bajaj,ivora-plus-hb-led-lamp-9w-cdl,830423,Default Title,145.0,,live
2026-10-04,H004,Bajaj,nutrihealth-outer-lid-stainless-steel-pressure-cooker,710452,3L,2019.0,,live
2026-10-04,H004,Bajaj,outer-lid-aluminium-pressure-cooker,710000,3L,1701.0,,live
2026-10-04,H004,Bajaj,outer-lid-stainless-steel-pressure-cooker,710333,3L,2624.0,,live
2026-10-05,H003,Crompton,9w-b22-dynaray-led-bulb,LED9WNDFWB1SWW,Warm White,150.0,,live
2026-10-05,H003,Crompton,9w-b22-dynaray-led-bulb,LED9WNDFWB2SCDL,Cool Day Light,150.0,,live
2026-10-05,H003,Crompton,9w-e27-dynaray-led-bulb,LED9WESWBCDL,Cool Day Light,155.0,,live
2026-10-05,H003,Crompton,9w-e27-dynaray-led-bulb,LED9WESWBWW,Warm White,155.0,,live
2026-10-05,H003,Crompton,9w-e27-dynaray-led-bulb-1,LED9WNDFWBCDL,Cool Day Light,150.0,,live
2026-10-05,H003,Crompton,9w-e27-dynaray-led-bulb-1,LED9WNDFWBWW,Warm White,155.0,,live
2026-10-05,H003,Crompton,9w-e27-dynaray-led-bulb-2,LED9WNESWBCDL,Cool Day Light,150.0,,live
2026-10-05,H003,Crompton,9w-e27-dynaray-led-bulb-2,LED9WNESWBWW,Warm White,150.0,,live
2026-10-05,H004,Bajaj,inner-lid-aluminium-pressure-cooker,710004,3L,1804.0,,live
2026-10-05,H004,Bajaj,inner-lid-handi-shaped-aluminium-pressure-cooker,710025,3L,2005.0,,live
2026-10-05,H004,Bajaj,inner-lid-stainless-steel-pressure-cooker,710331,3L,3383.0,,live
2026-10-05,H003,Bajaj,ivora-plus-hb-led-lamp-9w-cdl,830423,Default Title,145.0,,live
2026-10-05,H004,Bajaj,nutrihealth-outer-lid-stainless-steel-pressure-cooker,710452,3L,2019.0,,live
2026-10-05,H004,Bajaj,outer-lid-aluminium-pressure-cooker,710000,3L,1701.0,,live
2026-10-05,H004,Bajaj,outer-lid-stainless-steel-pressure-cooker,710333,3L,2624.0,,live
2026-10-06,H003,Crompton,9w-b22-dynaray-led-bulb,LED9WNDFWB1SWW,Warm White,150.0,,live
2026-10-06,H003,Crompton,9w-b22-dynaray-led-bulb,LED9WNDFWB2SCDL,Cool Day Light,150.0,,live
2026-10-06,H003,Crompton,9w-e27-dynaray-led-bulb,LED9WESWBCDL,Cool Day Light,155.0,,live
2026-10-06,H003,Crompton,9w-e27-dynaray-led-bulb,LED9WESWBWW,Warm White,155.0,,live
2026-10-06,H003,Crompton,9w-e27-dynaray-led-bulb-1,LED9WNDFWBCDL,Cool Day Light,150.0,,live
2026-10-06,H003,Crompton,9w-e27-dynaray-led-bulb-1,LED9WNDFWBWW,Warm White,155.0,,live
2026-10-06,H003,Crompton,9w-e27-dynaray-led-bulb-2,LED9WNESWBCDL,Cool Day Light,150.0,,live
2026-10-06,H003,Crompton,9w-e27-dynaray-led-bulb-2,LED9WNESWBWW,Warm White,150.0,,live
2026-10-06,H004,Bajaj,inner-lid-aluminium-pressure-cooker,710004,3L,1804.0,,live
2026-10-06,H004,Bajaj,inner-lid-handi-shaped-aluminium-pressure-cooker,710025,3L,2005.0,,live
2026-10-06,H004,Bajaj,inner-lid-stainless-steel-pressure-cooker,710331,3L,3383.0,,live
2026-10-06,H003,Bajaj,ivora-plus-hb-led-lamp-9w-cdl,830423,Default Title,145.0,,live
2026-10-06,H004,Bajaj,nutrihealth-outer-lid-stainless-steel-pressure-cooker,710452,3L,2019.0,,live
2026-10-06,H004,Bajaj,outer-lid-aluminium-pressure-cooker,710000,3L,1701.0,,live
2026-10-06,H004,Bajaj,outer-lid-stainless-steel-pressure-cooker,710333,3L,2624.0,,live
2026-10-07,H003,Crompton,9w-b22-dynaray-led-bulb,LED9WNDFWB1SWW,Warm White,150.0,,live
2026-10-07,H003,Crompton,9w-b22-dynaray-led-bulb,LED9WNDFWB2SCDL,Cool Day Light,150.0,,live
2026-10-07,H003,Crompton,9w-e27-dynaray-led-bulb,LED9WESWBCDL,Cool Day Light,155.0,,live
2026-10-07,H003,Crompton,9w-e27-dynaray-led-bulb,LED9WESWBWW,Warm White,155.0,,live
2026-10-07,H003,Crompton,9w-e27-dynaray-led-bulb-1,LED9WNDFWBCDL,Cool Day Light,150.0,,live
2026-10-07,H003,Crompton,9w-e27-dynaray-led-bulb-1,LED9WNDFWBWW,Warm White,155.0,,live
2026-10-07,H003,Crompton,9w-e27-dynaray-led-bulb-2,LED9WNESWBCDL,Cool Day Light,150.0,,live
2026-10-07,H003,Crompton,9w-e27-dynaray-led-bulb-2,LED9WNESWBWW,Warm White,150.0,,live
2026-10-07,H004,Bajaj,inner-lid-aluminium-pressure-cooker,710004,3L,1804.0,,live
2026-10-07,H004,Bajaj,inner-lid-handi-shaped-aluminium-pressure-cooker,710025,3L,2005.0,,live
2026-10-07,H004,Bajaj,inner-lid-stainless-steel-pressure-cooker,710331,3L,3383.0,,live
2026-10-07,H003,Bajaj,ivora-plus-hb-led-lamp-9w-cdl,830423,Default Title,145.0,,live
2026-10-07,H004,Bajaj,nutrihealth-outer-lid-stainless-steel-pressure-cooker,710452,3L,2019.0,,live
2026-10-07,H004,Bajaj,outer-lid-aluminium-pressure-cooker,710000,3L,1701.0,,live
2026-10-07,H004,Bajaj,outer-lid-stainless-steel-pressure-cooker,710333,3L,2624.0,,live
