logged_on,run_id,period,h,index_value,ref_period
2026-10-02,20261002T172451213417Z,2026-09,1,108.885,2026-08
2026-10-02,20261002T172451213417Z,2026-10,2,109.413,2026-08
2026-10-03,20261003T035302853972Z,2026-09,1,108.888,2026-08
2026-10-03,20261003T035302853972Z,2026-10,2,109.395,2026-08
2026-10-04,20261004T110814738901Z,2026-09,1,108.888,2026-08
2026-10-04,20261004T110814738901Z,2026-10,2,109.399,2026-08
2026-10-05,20261005T121848174615Z,2026-09,1,108.888,2026-08
2026-10-05,20261005T121848174615Z,2026-10,2,109.173,2026-08
2026-10-06,20261006T221856254671Z,2026-09,1,108.204,2026-08
2026-10-06,20261006T221856254671Z,2026-10,2,108.363,2026-08
2026-10-07,20261007T134916407816Z,2026-09,1,108.204,2026-08
2026-10-07,20261007T134916407816Z,2026-10,2,108.365,2026-08
2026-10-08,20261008T120331648388Z,2026-09,1,108.204,2026-08
2026-10-08,20261008T120331648388Z,2026-10,2,108.376,2026-08
2026-10-09,20261009T115407483813Z,2026-09,1,108.204,2026-08
2026-10-09,20261009T115407483813Z,2026-10,2,108.369,2026-08
2026-10-10,20261010T102623114440Z,2026-09,1,108.204,2026-08
2026-10-10,20261010T102623114440Z,2026-10,2,108.372,2026-08
