portal,url,discovered_on,last_fetched,last_n
magicbricks,https://www.magicbricks.com/flats-for-rent-in-rajkot-pppfr,seed,2026-10-09,55
magicbricks,https://www.magicbricks.com/independent-house-for-rent-in-rajkot-pppfr,seed,2026-10-09,46
magicbricks,https://www.magicbricks.com/1-bhk-flats-for-rent-in-rajkot-pppfr,seed,2026-10-09,67
magicbricks,https://www.magicbricks.com/2-bhk-flats-for-rent-in-rajkot-pppfr,seed,2026-10-09,82
magicbricks,https://www.magicbricks.com/3-bhk-flats-for-rent-in-rajkot-pppfr,seed,2026-10-09,77
squareyards,https://www.squareyards.com/rent/property-for-rent-in-rajkot,seed,2026-10-09,1
squareyards,https://www.squareyards.com/rent/1-bhk-for-rent-in-rajkot,seed,2026-10-09,1
squareyards,https://www.squareyards.com/rent/independent-houses-for-rent-in-rajkot,seed,2026-10-09,1
squareyards,https://www.squareyards.com/rent/furnished-properties-for-rent-in-rajkot,seed,2026-10-09,1
magicbricks,https://www.magicbricks.com/1-bhk-flats-for-rent-in-jamnagar-road-rajkot-pppfr,2026-10-09,2026-10-09,13
magicbricks,https://www.magicbricks.com/1-bhk-flats-for-rent-in-rajkot-price-10000-to-15000-pppfr,2026-10-09,2026-10-09,24
magicbricks,https://www.magicbricks.com/1-bhk-flats-for-rent-in-rajkot-price-15000-to-20000-pppfr,2026-10-09,2026-10-09,10
magicbricks,https://www.magicbricks.com/1-bhk-flats-for-rent-in-rajkot-price-5000-to-10000-pppfr,2026-10-09,2026-10-09,21
magicbricks,https://www.magicbricks.com/1-bhk-independent-house-for-rent-in-rajkot-pppfr,2026-10-09,2026-10-09,73
magicbricks,https://www.magicbricks.com/2-bhk-flats-for-rent-in-150-feet-ring-road-rajkot-pppfr,2026-10-09,2026-10-09,61
magicbricks,https://www.magicbricks.com/2-bhk-flats-for-rent-in-bhakti-nagar-rajkot-pppfr,2026-10-09,2026-10-09,55
magicbricks,https://www.magicbricks.com/2-bhk-flats-for-rent-in-ghanshyam-nagar-rajkot-pppfr,2026-10-09,2026-10-09,23
magicbricks,https://www.magicbricks.com/2-bhk-flats-for-rent-in-ghanshyam-nagar-rajkot-price-15000-to-20000-pppfr,2026-10-09,2026-10-09,60
magicbricks,https://www.magicbricks.com/2-bhk-flats-for-rent-in-ghanteshwer-rajkot-pppfr,2026-10-09,2026-10-09,24
magicbricks,https://www.magicbricks.com/2-bhk-flats-for-rent-in-jamnagar-road-rajkot-pppfr,2026-10-09,2026-10-09,62
magicbricks,https://www.magicbricks.com/2-bhk-flats-for-rent-in-jamnagar-road-rajkot-price-15000-to-20000-pppfr,2026-10-09,2026-10-09,66
magicbricks,https://www.magicbricks.com/2-bhk-flats-for-rent-in-madhapar-rajkot-pppfr,2026-10-09,2026-10-09,18
magicbricks,https://www.magicbricks.com/2-bhk-flats-for-rent-in-madhapar-rajkot-price-15000-to-20000-pppfr,2026-10-09,2026-10-09,11
magicbricks,https://www.magicbricks.com/2-bhk-flats-for-rent-in-pushkar-dham-main-road-rajkot-pppfr,2026-10-09,2026-10-09,59
magicbricks,https://www.magicbricks.com/2-bhk-flats-for-rent-in-rail-nagar-rajkot-pppfr,2026-10-09,2026-10-09,23
magicbricks,https://www.magicbricks.com/2-bhk-flats-for-rent-in-rail-nagar-rajkot-price-15000-to-20000-pppfr,2026-10-09,2026-10-09,61
magicbricks,https://www.magicbricks.com/2-bhk-flats-for-rent-in-raiya-rajkot-pppfr,2026-10-09,2026-10-09,15
magicbricks,https://www.magicbricks.com/2-bhk-flats-for-rent-in-raiya-road-rajkot-pppfr,2026-10-09,2026-10-09,58
magicbricks,https://www.magicbricks.com/2-bhk-flats-for-rent-in-raiya-road-rajkot-price-15000-to-20000-pppfr,2026-10-09,2026-10-09,7
magicbricks,https://www.magicbricks.com/2-bhk-flats-for-rent-in-rajkot-price-10000-to-15000-pppfr,2026-10-09,2026-10-09,61
magicbricks,https://www.magicbricks.com/2-bhk-flats-for-rent-in-rajkot-price-15000-to-20000-pppfr,2026-10-09,2026-10-09,15
magicbricks,https://www.magicbricks.com/2-bhk-flats-for-rent-in-rajkot-price-20000-to-25000-pppfr,2026-10-09,2026-10-09,11
magicbricks,https://www.magicbricks.com/2-bhk-flats-for-rent-in-rajkot-price-25000-to-30000-pppfr,2026-10-09,2026-10-09,7
magicbricks,https://www.magicbricks.com/2-bhk-flats-for-rent-in-rajkot-price-30000-to-35000-pppfr,2026-10-09,2026-10-09,6
magicbricks,https://www.magicbricks.com/2-bhk-flats-for-rent-in-rajkot-price-5000-to-10000-pppfr,2026-10-09,2026-10-09,58
magicbricks,https://www.magicbricks.com/2-bhk-furnished-flats-for-rent-in-150-feet-ring-road-rajkot-pppfr,2026-10-09,2026-10-09,17
magicbricks,https://www.magicbricks.com/2-bhk-furnished-flats-for-rent-in-jamnagar-road-rajkot-pppfr,2026-10-09,2026-10-09,85
magicbricks,https://www.magicbricks.com/2-bhk-furnished-flats-for-rent-in-kalawad-road-rajkot-pppfr,2026-10-09,2026-10-09,9
magicbricks,https://www.magicbricks.com/2-bhk-furnished-flats-for-rent-in-raiya-rajkot-pppfr,2026-10-09,2026-10-09,81
magicbricks,https://www.magicbricks.com/2-bhk-furnished-flats-for-rent-in-raiya-road-rajkot-pppfr,2026-10-09,2026-10-09,82
magicbricks,https://www.magicbricks.com/2-bhk-independent-house-for-rent-in-rajkot-pppfr,2026-10-09,2026-10-09,68
magicbricks,https://www.magicbricks.com/3-bhk-flats-for-rent-in-150-feet-ring-road-rajkot-pppfr,2026-10-09,2026-10-09,62
magicbricks,https://www.magicbricks.com/3-bhk-flats-for-rent-in-ayodhya-chowk-rajkot-pppfr,2026-10-09,2026-10-09,61
magicbricks,https://www.magicbricks.com/3-bhk-flats-for-rent-in-ghanteshwer-rajkot-pppfr,2026-10-09,2026-10-09,62
magicbricks,https://www.magicbricks.com/3-bhk-flats-for-rent-in-madhapar-rajkot-pppfr,2026-10-09,2026-10-09,62
magicbricks,https://www.magicbricks.com/3-bhk-flats-for-rent-in-mota-mava-rajkot-pppfr,2026-10-09,2026-10-09,59
magicbricks,https://www.magicbricks.com/3-bhk-flats-for-rent-in-new-jagnath-rajkot-pppfr,2026-10-09,2026-10-09,61
magicbricks,https://www.magicbricks.com/3-bhk-flats-for-rent-in-puneet-nagar-rajkot-pppfr,2026-10-09,2026-10-09,60
magicbricks,https://www.magicbricks.com/3-bhk-flats-for-rent-in-rajkot-price-10000-to-15000-pppfr,2026-10-09,2026-10-09,62
magicbricks,https://www.magicbricks.com/3-bhk-flats-for-rent-in-rajkot-price-15000-to-20000-pppfr,2026-10-09,2026-10-09,57
magicbricks,https://www.magicbricks.com/3-bhk-flats-for-rent-in-rajkot-price-20000-to-25000-pppfr,2026-10-09,2026-10-09,18
magicbricks,https://www.magicbricks.com/3-bhk-flats-for-rent-in-rajkot-price-25000-to-30000-pppfr,2026-10-09,2026-10-09,12
magicbricks,https://www.magicbricks.com/3-bhk-flats-for-rent-in-rajkot-price-30000-to-35000-pppfr,2026-10-09,2026-10-09,9
magicbricks,https://www.magicbricks.com/3-bhk-flats-for-rent-in-sheetal-park-rajkot-pppfr,2026-10-09,2026-10-09,60
magicbricks,https://www.magicbricks.com/3-bhk-flats-for-rent-in-tulsi-park-rajkot-pppfr,2026-10-09,2026-10-09,60
magicbricks,https://www.magicbricks.com/3-bhk-flats-for-rent-in-university-road-rajkot-pppfr,2026-10-09,2026-10-09,61
magicbricks,https://www.magicbricks.com/3-bhk-furnished-flats-for-rent-in-ghanteshwer-rajkot-pppfr,2026-10-09,2026-10-09,86
magicbricks,https://www.magicbricks.com/3-bhk-furnished-flats-for-rent-in-madhapar-rajkot-pppfr,2026-10-09,2026-10-09,86
magicbricks,https://www.magicbricks.com/3-bhk-furnished-flats-for-rent-in-mota-mava-rajkot-pppfr,2026-10-09,2026-10-09,83
magicbricks,https://www.magicbricks.com/3-bhk-furnished-flats-for-rent-in-new-jagnath-rajkot-pppfr,2026-10-09,2026-10-09,85
magicbricks,https://www.magicbricks.com/3-bhk-furnished-flats-for-rent-in-yagnik-road-rajkot-pppfr,2026-10-09,2026-10-09,85
magicbricks,https://www.magicbricks.com/3-bhk-independent-house-for-rent-in-rajkot-pppfr,2026-10-09,2026-10-09,83
magicbricks,https://www.magicbricks.com/4-bhk-flats-for-rent-in-rajkot-pppfr,2026-10-09,2026-10-09,65
magicbricks,https://www.magicbricks.com/4-bhk-independent-house-for-rent-in-rajkot-pppfr,2026-10-09,2026-10-09,62
magicbricks,https://www.magicbricks.com/builder-floor-for-rent-in-rajkot-pppfr,2026-10-09,2026-10-09,32
magicbricks,https://www.magicbricks.com/flats-for-rent-in-150-feet-ring-road-rajkot-pppfr,2026-10-09,2026-10-09,65
magicbricks,https://www.magicbricks.com/flats-for-rent-in-bhakti-nagar-rajkot-pppfr,2026-10-09,2026-10-09,60
magicbricks,https://www.magicbricks.com/flats-for-rent-in-ghanteshwer-rajkot-pppfr,2026-10-09,2026-10-09,65
magicbricks,https://www.magicbricks.com/flats-for-rent-in-jamnagar-road-rajkot-pppfr,2026-10-09,2026-10-09,66
magicbricks,https://www.magicbricks.com/flats-for-rent-in-kalawad-road-rajkot-pppfr,2026-10-09,2026-10-09,59
magicbricks,https://www.magicbricks.com/flats-for-rent-in-madhapar-rajkot-pppfr,2026-10-09,2026-10-09,65
magicbricks,https://www.magicbricks.com/flats-for-rent-in-mavdi-rajkot-pppfr,2026-10-09,2026-10-09,56
magicbricks,https://www.magicbricks.com/flats-for-rent-in-mota-mava-rajkot-pppfr,2026-10-09,2026-10-09,18
magicbricks,https://www.magicbricks.com/flats-for-rent-in-raiya-road-rajkot-pppfr,2026-10-09,2026-10-09,66
magicbricks,https://www.magicbricks.com/flats-for-rent-in-rajkot-price-10000-to-15000-pppfr,2026-10-09,2026-10-09,76
magicbricks,https://www.magicbricks.com/flats-for-rent-in-rajkot-price-15000-to-20000-pppfr,2026-10-09,2026-10-09,58
magicbricks,https://www.magicbricks.com/flats-for-rent-in-rajkot-price-20000-to-25000-pppfr,2026-10-09,2026-10-09,19
magicbricks,https://www.magicbricks.com/flats-for-rent-in-rajkot-price-20000-to-30000-pppfr,2026-10-09,2026-10-09,56
magicbricks,https://www.magicbricks.com/flats-for-rent-in-rajkot-price-25000-to-35000-pppfr,2026-10-09,2026-10-09,17
magicbricks,https://www.magicbricks.com/flats-for-rent-in-rajkot-price-5000-to-10000-pppfr,2026-10-09,2026-10-09,67
magicbricks,https://www.magicbricks.com/flats-for-rent-in-university-road-rajkot-pppfr,2026-10-09,2026-10-09,62
magicbricks,https://www.magicbricks.com/furnished-flats-for-rent-in-rajkot-pppfr,2026-10-09,2026-10-09,54
magicbricks,https://www.magicbricks.com/furnished-house-for-rent-in-rajkot-pppfr,2026-10-09,2026-10-09,44
magicbricks,https://www.magicbricks.com/independent-house-for-rent-in-150-feet-ring-road-rajkot-pppfr,2026-10-09,2026-10-09,62
magicbricks,https://www.magicbricks.com/independent-house-for-rent-in-dharam-nagar-rajkot-pppfr,2026-10-09,2026-10-09,61
magicbricks,https://www.magicbricks.com/independent-house-for-rent-in-gondal-road-rajkot-pppfr,2026-10-09,2026-10-09,60
magicbricks,https://www.magicbricks.com/independent-house-for-rent-in-jetpur-rajkot-pppfr,2026-10-09,2026-10-09,2
magicbricks,https://www.magicbricks.com/independent-house-for-rent-in-kalawad-road-rajkot-pppfr,2026-10-09,2026-10-09,59
magicbricks,https://www.magicbricks.com/independent-house-for-rent-in-kothariya-main-road-rajkot-pppfr,2026-10-09,2026-10-09,7
magicbricks,https://www.magicbricks.com/independent-house-for-rent-in-mavdi-rajkot-pppfr,2026-10-09,2026-10-09,56
magicbricks,https://www.magicbricks.com/independent-house-for-rent-in-nana-mava-rajkot-pppfr,2026-10-09,2026-10-09,61
magicbricks,https://www.magicbricks.com/independent-house-for-rent-in-nana-mava-road-rajkot-pppfr,2026-10-09,2026-10-09,60
magicbricks,https://www.magicbricks.com/independent-house-for-rent-in-raiya-road-rajkot-pppfr,2026-10-09,2026-10-09,64
magicbricks,https://www.magicbricks.com/independent-house-for-rent-in-rajkot-price-10000-to-15000-pppfr,2026-10-09,2026-10-09,76
magicbricks,https://www.magicbricks.com/independent-house-for-rent-in-rajkot-price-15000-to-20000-pppfr,2026-10-09,2026-10-09,58
magicbricks,https://www.magicbricks.com/independent-house-for-rent-in-rajkot-price-20000-to-25000-pppfr,2026-10-09,2026-10-09,19
magicbricks,https://www.magicbricks.com/independent-house-for-rent-in-rajkot-price-25000-to-30000-pppfr,2026-10-09,2026-10-09,17
magicbricks,https://www.magicbricks.com/independent-house-for-rent-in-rajkot-price-30000-to-40000-pppfr,2026-10-09,2026-10-09,11
magicbricks,https://www.magicbricks.com/independent-house-for-rent-in-rajkot-price-5000-to-10000-pppfr,2026-10-09,2026-10-09,67
magicbricks,https://www.magicbricks.com/independent-house-for-rent-in-ratanpar-rajkot-pppfr,2026-10-09,2026-10-09,2
magicbricks,https://www.magicbricks.com/independent-house-for-rent-in-sadhu-vaswani-road-rajkot-pppfr,2026-10-09,2026-10-09,62
magicbricks,https://www.magicbricks.com/independent-house-for-rent-in-university-road-rajkot-pppfr,2026-10-09,2026-10-09,63
magicbricks,https://www.magicbricks.com/property-for-rent-in-rajkot-pppfr,2026-10-09,2026-10-09,60
magicbricks,https://www.magicbricks.com/single-room-for-rent-in-rajkot-pppfr,2026-10-09,2026-10-09,50
magicbricks,https://www.magicbricks.com/villa-for-rent-in-rajkot-pppfr,2026-10-09,2026-10-09,31
squareyards,https://www.squareyards.com/rent/property-for-rent-in-ghanteshwer-rajkot,2026-10-09,,
squareyards,https://www.squareyards.com/rent/property-for-rent-in-mavdi-rajkot,2026-10-09,,
magicbricks,https://www.magicbricks.com/1-bhk-flats-for-rent-in-jamnagar-road-rajkot-price-5000-to-10000-pppfr,2026-10-09,,
magicbricks,https://www.magicbricks.com/1-bhk-independent-house-for-rent-in-bhakti-nagar-rajkot-pppfr,2026-10-09,,
magicbricks,https://www.magicbricks.com/1-bhk-independent-house-for-rent-in-gondal-road-rajkot-pppfr,2026-10-09,,
magicbricks,https://www.magicbricks.com/1-bhk-independent-house-for-rent-in-kalawad-road-rajkot-pppfr,2026-10-09,,
magicbricks,https://www.magicbricks.com/1-bhk-independent-house-for-rent-in-kotharia-rajkot-pppfr,2026-10-09,,
magicbricks,https://www.magicbricks.com/1-bhk-independent-house-for-rent-in-kothariya-main-road-rajkot-pppfr,2026-10-09,,
magicbricks,https://www.magicbricks.com/1-bhk-independent-house-for-rent-in-kothariya-rajkot-pppfr,2026-10-09,,
magicbricks,https://www.magicbricks.com/1-bhk-independent-house-for-rent-in-laxmi-nagar-rajkot-pppfr,2026-10-09,,
magicbricks,https://www.magicbricks.com/1-bhk-independent-house-for-rent-in-nana-mava-rajkot-pppfr,2026-10-09,,
magicbricks,https://www.magicbricks.com/1-bhk-independent-house-for-rent-in-raiya-road-rajkot-pppfr,2026-10-09,,
magicbricks,https://www.magicbricks.com/1-bhk-independent-house-for-rent-in-rajkot-price-10000-to-15000-pppfr,2026-10-09,,
magicbricks,https://www.magicbricks.com/1-bhk-independent-house-for-rent-in-rajkot-price-15000-to-20000-pppfr,2026-10-09,,
magicbricks,https://www.magicbricks.com/1-bhk-independent-house-for-rent-in-rajkot-price-5000-to-10000-pppfr,2026-10-09,,
magicbricks,https://www.magicbricks.com/1-bhk-independent-house-for-rent-in-university-road-rajkot-pppfr,2026-10-09,,
magicbricks,https://www.magicbricks.com/2-bhk-flats-for-rent-in-150-feet-ring-road-rajkot-price-20000-to-25000-pppfr,2026-10-09,,
magicbricks,https://www.magicbricks.com/2-bhk-flats-for-rent-in-bhakti-nagar-rajkot-price-10000-to-15000-pppfr,2026-10-09,,
magicbricks,https://www.magicbricks.com/2-bhk-flats-for-rent-in-bhakti-nagar-rajkot-price-5000-to-10000-pppfr,2026-10-09,,
magicbricks,https://www.magicbricks.com/2-bhk-flats-for-rent-in-ghanshyam-nagar-rajkot-price-5000-to-10000-pppfr,2026-10-09,,
magicbricks,https://www.magicbricks.com/2-bhk-flats-for-rent-in-ghanteshwer-rajkot-price-5000-to-10000-pppfr,2026-10-09,,
magicbricks,https://www.magicbricks.com/2-bhk-flats-for-rent-in-jamnagar-road-rajkot-price-10000-to-15000-pppfr,2026-10-09,,
magicbricks,https://www.magicbricks.com/2-bhk-flats-for-rent-in-jamnagar-road-rajkot-price-5000-to-10000-pppfr,2026-10-09,,
magicbricks,https://www.magicbricks.com/2-bhk-flats-for-rent-in-kalawad-road-rajkot-pppfr,2026-10-09,,
magicbricks,https://www.magicbricks.com/2-bhk-flats-for-rent-in-madhapar-rajkot-price-10000-to-15000-pppfr,2026-10-09,,
magicbricks,https://www.magicbricks.com/2-bhk-flats-for-rent-in-pushkar-dham-main-road-rajkot-price-5000-to-10000-pppfr,2026-10-09,,
magicbricks,https://www.magicbricks.com/2-bhk-flats-for-rent-in-rail-nagar-rajkot-price-10000-to-15000-pppfr,2026-10-09,,
magicbricks,https://www.magicbricks.com/2-bhk-flats-for-rent-in-rail-nagar-rajkot-price-5000-to-10000-pppfr,2026-10-09,,
magicbricks,https://www.magicbricks.com/2-bhk-flats-for-rent-in-raiya-rajkot-price-10000-to-15000-pppfr,2026-10-09,,
magicbricks,https://www.magicbricks.com/2-bhk-flats-for-rent-in-raiya-rajkot-price-15000-to-20000-pppfr,2026-10-09,,
magicbricks,https://www.magicbricks.com/2-bhk-flats-for-rent-in-raiya-rajkot-price-25000-to-30000-pppfr,2026-10-09,,
magicbricks,https://www.magicbricks.com/2-bhk-flats-for-rent-in-raiya-rajkot-price-30000-to-35000-pppfr,2026-10-09,,
magicbricks,https://www.magicbricks.com/2-bhk-flats-for-rent-in-raiya-road-rajkot-price-10000-to-15000-pppfr,2026-10-09,,
magicbricks,https://www.magicbricks.com/2-bhk-flats-for-rent-in-raiya-road-rajkot-price-20000-to-25000-pppfr,2026-10-09,,
magicbricks,https://www.magicbricks.com/2-bhk-flats-for-rent-in-raiya-road-rajkot-price-25000-to-30000-pppfr,2026-10-09,,
magicbricks,https://www.magicbricks.com/2-bhk-flats-for-rent-in-raiya-road-rajkot-price-30000-to-35000-pppfr,2026-10-09,,
magicbricks,https://www.magicbricks.com/2-bhk-flats-for-rent-in-sadar-rajkot-pppfr,2026-10-09,,
magicbricks,https://www.magicbricks.com/2-bhk-flats-for-rent-in-vrindavan-society-rajkot-pppfr,2026-10-09,,
magicbricks,https://www.magicbricks.com/2-bhk-flats-for-rent-in-vrindavan-society-rajkot-price-15000-to-20000-pppfr,2026-10-09,,
magicbricks,https://www.magicbricks.com/3-bhk-flats-for-rent-in-madhapar-rajkot-price-15000-to-20000-pppfr,2026-10-09,,
magicbricks,https://www.magicbricks.com/4-bhk-flats-for-rent-in-150-feet-ring-road-rajkot-pppfr,2026-10-09,,
magicbricks,https://www.magicbricks.com/4-bhk-flats-for-rent-in-rajkot-price-20000-to-25000-pppfr,2026-10-09,,
magicbricks,https://www.magicbricks.com/4-bhk-flats-for-rent-in-rajkot-price-25000-to-30000-pppfr,2026-10-09,,
magicbricks,https://www.magicbricks.com/builder-floor-for-rent-in-raiya-road-rajkot-pppfr,2026-10-09,,
magicbricks,https://www.magicbricks.com/flats-for-rent-in-airport-main-road-rajkot-pppfr,2026-10-09,,
