item_id,primary_source,class,note
F001,mandi_rajkot_apmc,independent,Rajkot yard modal (AgMarkNet via acrop.app) + Gondal/Jetpur/Jasdan yards as extra quotes (equal-weight Jevons); Tier B proxy for retail packaged item - validation pending vs official item index
F002,doca_national,independent,"DoCA daily RETAIL price, ALL-INDIA balanced panel of ~500 centres (Jevons), via the open mirror verified against the DoCA home page each run; NOT a Rajkot price and not our fixed brand: PROXY bucket. Rajkot centre fails the gate for this item; the national panel passes it (re-gated every run vs official item index)"
F003,doca_national,independent,"DoCA daily RETAIL price, ALL-INDIA balanced panel of ~500 centres (Jevons), Tur/arhar dal, via the open mirror verified against the DoCA home page each run; NOT a Rajkot price and not our fixed brand: PROXY bucket. Rajkot centre fails the gate; the national panel passes (re-gated every run). Superseded local feed (kept as diagnostic only, rpi/superseded.py): had about 1 month of history and could not be gated."
F004,mandi_rajkot_apmc,independent,Rajkot yard modal (AgMarkNet via acrop.app) + Gondal/Jetpur/Jasdan yards as extra quotes (equal-weight Jevons); Tier B proxy for retail packaged item - validation pending vs official item index
F005,doca_national,independent,"DoCA daily RETAIL price, ALL-INDIA balanced panel of ~500 centres (Jevons), Gram dal, via the open mirror verified against the DoCA home page each run; NOT a Rajkot price and not our fixed brand: PROXY bucket. Rajkot centre fails the gate; the national panel passes (re-gated every run). Superseded local feed (kept as diagnostic only, rpi/superseded.py): had about 1 month of history and could not be gated."
F006,doca_rajkot,independent,"DoCA (Dept of Consumer Affairs) daily RETAIL price at the Rajkot centre, standard local variety, via an open mirror verified against the DoCA home page each run; gated vs official item index (groundnut oil packed, Rs/L)"
F007,dmart_ahmedabad,independent,"DMart Ready AHMEDABAD shelf price (priceSALE; MRP kept as regular price) of a fixed pool of 4 mainstream SKUs, matched-model Jevons (data/dmart/pool.csv, fixed 2026-10-02). NOT a Rajkot price (Rajkot pincodes are not served): PROXY bucket. Accrues forward from 2026-10; earlier months use the official stand-in; gate vs official item index after 6 overlapping months (pending until then)"
F008,doca_national,independent,"DoCA daily RETAIL price, ALL-INDIA balanced panel of ~500 centres (Jevons), via the open mirror verified against the DoCA home page each run; NOT a Rajkot price and not our fixed brand: PROXY bucket. Rajkot centre fails the gate for this item; the national panel passes it (re-gated every run vs official item index)"
F009,tariff,independent,Amul Gold 500ml Gujarat price steps (GCMMF release via press); cross-checked vs official milk index
F010,dmart_ahmedabad,independent,"DMart Ready AHMEDABAD shelf price (priceSALE; MRP kept as regular price) of a fixed pool of 2 plain Amul curd SKUs (Masti Curd 1 kg, Masti Dahi 200 g), matched-model Jevons (data/dmart/pool.csv, fixed 2026-10-03). NOT a Rajkot price (Rajkot pincodes are not served): PROXY bucket. Accrues forward from 2026-10; earlier months use the official stand-in; gate vs official item index after 6 overlapping months (pending until then)"
F011,doca_national,independent,"DoCA daily RETAIL price, ALL-INDIA balanced panel of ~500 centres (Jevons), via the open mirror verified against the DoCA home page each run; NOT a Rajkot price and not our fixed brand: PROXY bucket. Rajkot centre fails the gate for this item; the national panel passes it (re-gated every run vs official item index)"
F012,dmart_ahmedabad,independent,"DMart Ready AHMEDABAD shelf price (priceSALE; MRP kept as regular price) of a fixed pool of 5 mainstream SKUs, matched-model Jevons (data/dmart/pool.csv, fixed 2026-10-02). NOT a Rajkot price (Rajkot pincodes are not served): PROXY bucket. Accrues forward from 2026-10; earlier months use the official stand-in; gate vs official item index after 6 overlapping months (pending until then)"
F013,doca_rajkot,independent,"DoCA (Dept of Consumer Affairs) daily RETAIL price at the Rajkot centre, standard local variety, via an open mirror verified against the DoCA home page each run; gated vs official item index (sugar, Rs/kg)"
F014,dmart_ahmedabad,independent,"DMart Ready AHMEDABAD shelf price (priceSALE; MRP kept as regular price) of a fixed pool of 5 mainstream SKUs, matched-model Jevons (data/dmart/pool.csv, fixed 2026-10-02). NOT a Rajkot price (Rajkot pincodes are not served): PROXY bucket. Accrues forward from 2026-10; earlier months use the official stand-in; gate vs official item index after 6 overlapping months (pending until then)"
F015,dmart_ahmedabad,independent,"DMart Ready AHMEDABAD shelf price (priceSALE; MRP kept as regular price) of a fixed pool of 2 mainstream SKUs, matched-model Jevons (data/dmart/pool.csv, fixed 2026-10-02). NOT a Rajkot price (Rajkot pincodes are not served): PROXY bucket. Accrues forward from 2026-10; earlier months use the official stand-in; gate vs official item index after 6 overlapping months (pending until then)"
F016,dmart_ahmedabad,independent,"DMart Ready AHMEDABAD shelf price (priceSALE; MRP kept as regular price) of a fixed pool of 3 mainstream SKUs, matched-model Jevons (data/dmart/pool.csv, fixed 2026-10-02). NOT a Rajkot price (Rajkot pincodes are not served): PROXY bucket. Accrues forward from 2026-10; earlier months use the official stand-in; gate vs official item index after 6 overlapping months (pending until then)"
F017,dmart_ahmedabad,independent,"DMart Ready AHMEDABAD shelf price (priceSALE; MRP kept as regular price) of a fixed pool of 5 mainstream SKUs, matched-model Jevons (data/dmart/pool.csv, fixed 2026-10-02). NOT a Rajkot price (Rajkot pincodes are not served): PROXY bucket. Accrues forward from 2026-10; earlier months use the official stand-in; gate vs official item index after 6 overlapping months (pending until then)"
F018,dmart_ahmedabad,independent,"DMart Ready AHMEDABAD shelf price (priceSALE; MRP kept as regular price) of a fixed pool of 3 mainstream SKUs, matched-model Jevons (data/dmart/pool.csv, fixed 2026-10-02). NOT a Rajkot price (Rajkot pincodes are not served): PROXY bucket. Accrues forward from 2026-10; earlier months use the official stand-in; gate vs official item index after 6 overlapping months (pending until then)"
F019,dmart_ahmedabad,independent,"DMart Ready AHMEDABAD shelf price (priceSALE; MRP kept as regular price) of a fixed pool of 3 mainstream SKUs, matched-model Jevons (data/dmart/pool.csv, fixed 2026-10-02). NOT a Rajkot price (Rajkot pincodes are not served): PROXY bucket. Accrues forward from 2026-10; earlier months use the official stand-in; gate vs official item index after 6 overlapping months (pending until then)"
F020,doca_national,independent,"DoCA daily RETAIL price, ALL-INDIA balanced panel of ~500 centres (Jevons), Eggs (per dozen -> per egg), via the open mirror verified against the DoCA home page each run; NOT a Rajkot price and not our fixed brand: PROXY bucket. Rajkot centre fails the gate; the national panel passes (re-gated every run). Superseded local feed (kept as diagnostic only, rpi/superseded.py): had about 1 month of history and could not be gated."
F021,doca_gujarat,independent,"DoCA daily RETAIL price, GUJARAT-centres balanced panel (Jevons), potato, via the open mirror verified against the DoCA home page each run; a Gujarat state retail panel, NOT a Rajkot price: PROXY bucket. Rajkot centre fails the gate; the Gujarat panel passes (corr 0.64, drift 0.035; re-gated every run). Superseded wholesale feeds (Gondal, Rajkot Veg yard; kept as diagnostics, rpi/superseded.py)"
F022,mandi_gondal,independent,Gondal Veg. Market wholesale modal (Agmarknet mirror) ; second quote: Rajkot Veg Sub Yard APMC (mandi_rajkot_veg)
F023,mandi_gondal,independent,Gondal Veg. Market wholesale modal (Agmarknet mirror) ; second quote: Rajkot Veg Sub Yard APMC (mandi_rajkot_veg)
F024,doca_national,independent,"DoCA daily RETAIL price, ALL-INDIA balanced panel of ~500 centres (Jevons), Banana, via the open mirror verified against the DoCA home page each run; NOT a Rajkot price and not our fixed brand: PROXY bucket. Rajkot centre fails the gate; the national panel passes (re-gated every run). Superseded local feed (kept as diagnostic only, rpi/superseded.py): had about 1 month of history and could not be gated."
F025,mandi_gondal,independent,Gondal Veg. Market wholesale modal (Agmarknet mirror) ; second quote: Rajkot Veg Sub Yard APMC (mandi_rajkot_veg)
F026,doca_rajkot,independent,"DoCA (Dept of Consumer Affairs) daily RETAIL price at the Rajkot centre, standard local variety, via an open mirror verified against the DoCA home page each run; gated vs official item index (gur (jaggery), Rs/kg)"
C001,vishal_diary,independent,"Vishal Mega Mart national e-store prices (schema.org JSON-LD), fixed live pool of 44 SKUs, matched-model Jevons; NOT a Rajkot price and promotion-prone: PROXY bucket, PENDING GATE (live history started 2026-10-04; the unchanged gate needs >=6 overlapping months, first judgeable ~Apr 2027). Months before the live feed stay on the official stand-in. WIRED BY EXPLICIT USER DECISION (2026-10-06) to raise independent coverage; archive-only screen showed jeans +4.7% vs official +2.1% and footwear -6.1% vs -1.8% (3-5 months, not judged). Review/demote on a gate fail."
C002,vishal_diary,independent,"Vishal Mega Mart national e-store prices (schema.org JSON-LD), fixed live pool of 44 SKUs, matched-model Jevons; NOT a Rajkot price and promotion-prone: PROXY bucket, PENDING GATE (live history started 2026-10-04; the unchanged gate needs >=6 overlapping months, first judgeable ~Apr 2027). Months before the live feed stay on the official stand-in. WIRED BY EXPLICIT USER DECISION (2026-10-06) to raise independent coverage; archive-only screen showed jeans +4.7% vs official +2.1% and footwear -6.1% vs -1.8% (3-5 months, not judged). Review/demote on a gate fail."
C003,vishal_diary,independent,"Vishal Mega Mart national e-store prices (schema.org JSON-LD), fixed live pool of 44 SKUs, matched-model Jevons; NOT a Rajkot price and promotion-prone: PROXY bucket, PENDING GATE (live history started 2026-10-04; the unchanged gate needs >=6 overlapping months, first judgeable ~Apr 2027). Months before the live feed stay on the official stand-in. WIRED BY EXPLICIT USER DECISION (2026-10-06) to raise independent coverage; archive-only screen showed jeans +4.7% vs official +2.1% and footwear -6.1% vs -1.8% (3-5 months, not judged). Review/demote on a gate fail."
R001,rent_signal,independent,"MODELLED, not observed: Labour Bureau CPI-IW housing-group indices (all-India half-yearly + 78-centre panel) -> Rajkot half-year step = mean of an empirical-Bayes shrunk additive-deviation model and a pooled-parameter Kalman ratio model (rpi/rentsignal.py v3; selection rule fixed on panel RMSE before comparison with MoSPI); no MoSPI value enters the signal. Fails the monthly-correlation gate (structurally unpassable by any trend-type signal) so it is gated by a calibrated TREND gate (cumulative and 12-month gap within 1.645*sd*sqrt(n) of the official rent index); that gate change is for R001 only and was adopted by user decision 2026-10-06 after the corr gate failed. Re-gated every refresh; needs a new Labour Bureau half-year row each Jan/Jul (inventory AJ)."
R002,tariff,independent,GERC slabs + FPPAS schedule (govt release + press) modelled as a 200 kWh bill; see rpi/electricity.py
R003,tariff,independent,dated tariff events (news-of-record + audited vs official)
R004,tariff,independent,"RMC residential water Rs1,500/yr flat since FY23-24 (draft hike to 2,400 scrapped Feb 2026); register with re-confirmation rows"
R005,gr_png,independent,Domestic PNG Rajkot monthly (goodreturns); no back-fill before Dec 2025 - official item is an LPG+PNG blend and would double-count LPG
H001,dmart_ahmedabad,independent,"DMart Ready AHMEDABAD shelf price (priceSALE; MRP kept as regular price) of a fixed pool of 5 mainstream SKUs, matched-model Jevons (data/dmart/pool.csv, fixed 2026-10-02). NOT a Rajkot price (Rajkot pincodes are not served): PROXY bucket. Accrues forward from 2026-10; earlier months use the official stand-in; gate vs official item index after 6 overlapping months (pending until then)"
H002,dmart_ahmedabad,independent,"DMart Ready AHMEDABAD shelf price (priceSALE; MRP kept as regular price) of a fixed pool of 4 mainstream SKUs, matched-model Jevons (data/dmart/pool.csv, fixed 2026-10-02). NOT a Rajkot price (Rajkot pincodes are not served): PROXY bucket. Accrues forward from 2026-10; earlier months use the official stand-in; gate vs official item index after 6 overlapping months (pending until then)"
H003,dmart_ahmedabad,independent,"DMart Ready AHMEDABAD shelf price (priceSALE; MRP kept as regular price) of a fixed pool of 3 mainstream SKUs, matched-model Jevons (data/dmart/pool.csv, fixed 2026-10-02). NOT a Rajkot price (Rajkot pincodes are not served): PROXY bucket. Accrues forward from 2026-10; earlier months use the official stand-in; gate vs official item index after 6 overlapping months (pending until then)"
H004,dmart_ahmedabad,independent,"DMart Ready AHMEDABAD shelf price (priceSALE; MRP kept as regular price) of a fixed pool of 3 mainstream SKUs, matched-model Jevons (data/dmart/pool.csv, fixed 2026-10-02). NOT a Rajkot price (Rajkot pincodes are not served): PROXY bucket. Accrues forward from 2026-10; earlier months use the official stand-in; gate vs official item index after 6 overlapping months (pending until then)"
M001,tariff,independent,NPPA ceiling price (DPCO 2013) incl. GST for paracetamol 500 mg: regulated cap = proxy (counted in the PROXY share); official Medicine index is the broad stand-in and under-reacted to the Sep-2025 GST cut
M002,dmart_ahmedabad,independent,"DMart Ready AHMEDABAD shelf price (priceSALE; MRP kept as regular price) of a fixed pool of 3 mainstream SKUs, matched-model Jevons (data/dmart/pool.csv, fixed 2026-10-02). NOT a Rajkot price (Rajkot pincodes are not served): PROXY bucket. Accrues forward from 2026-10; earlier months use the official stand-in; gate vs official item index after 6 overlapping months (pending until then)"
M003,official_link,linked,no independent source yet; official MoSPI Gujarat-urban item index used as flagged stand-in (Practo listed-fee diary is a screen only: listed fees are stale and understate the official index)
M004,official_link,linked,no independent source yet; official MoSPI Gujarat-urban item index used as flagged stand-in
T001,tariff,independent,dated tariff events (news-of-record + audited vs official)
T002,tariff,independent,dated tariff events (news-of-record + audited vs official)
T003,official_link,linked,no independent source yet; official MoSPI Gujarat-urban item index used as flagged stand-in
T004,tariff,independent,Gujarat statutory auto-rickshaw tariff (MV Act s.67 notification; fixed 3 km trip: Rs47 -> Rs61 from 7 Aug 2026): a legal MAXIMUM fare = proxy (counted in the PROXY share); official Gujarat-urban item index had moved only ~3% by Aug 2026
T005,none,none,no official item and no independent source
T006,official_link,linked,no independent source yet; official MoSPI Gujarat-urban item index used as flagged stand-in
K001,tariff,independent,Jevons of Jio Rs299 fixed plan and Airtel entry unlimited plan (299->349 on 12 Aug 2026); operator listings + 4-outlet press
K002,official_link,linked,no independent source yet; official MoSPI Gujarat-urban item index used as flagged stand-in
K003,official_link,linked,no independent source yet; official MoSPI Gujarat-urban item index used as flagged stand-in
S001,district_cinema,independent,"district.in (District by Zomato) Rajkot theatre pages, 8 theatres (data/cinema/pool.csv): cheapest weekday-evening 2D seat price per theatre-day, monthly median per theatre, matched-model Jevons; observed ticket prices at Rajkot theatres but film-mix noise remains: PROXY bucket, PENDING GATE (live diary started 2026-10-06, no archive history; the unchanged gate needs >=6 overlapping months, first judgeable ~Apr 2027). Months before the live feed stay on the official stand-in. Wired at the user's request to add independent sources; review/demote on a gate fail."
S002,tariff,independent,"Jevons of JioHotstar Super annual (899->1099, 28 Jan 2026) and Amazon Prime annual (1499 flat); new-subscriber list prices"
S003,official_link,linked,no independent source yet; official MoSPI Gujarat-urban item index used as flagged stand-in
E001,frc_rajkot,independent,"Gujarat Fee Regulatory Committee APPROVED fees, Rajkot-city private schools (111 schools, std 1-8 matched panel, school x standard x academic year; rpi/frc_fees.py). Regulator-published and Rajkot-specific. Rules fixed before the gate: Jevons AY change, timing = month profile of the official school-fee index in 2014-2019. PROXY bucket. Gate (unchanged: corr>=0.5, |drift|<=10%, >=6 months) PASSES on the live window 2025-01..2026-08 (n=20, corr 0.64, drift 0.6%) and on an out-of-sample long window 2021-12..2025-12 vs the 2012-series (n=49, corr 0.87, drift 1.6%). Caveats: upper-fee segment only (schools above the statutory fee cap); approved fee is a ceiling, not a paid price; 2020-21 Covid cut (-29%) and 2021-22 rebound (+25%) are in the data but outside the gate window."
E002,official_link,linked,no independent source yet; official MoSPI Gujarat-urban item index used as flagged stand-in
E003,dmart_ahmedabad,independent,"DMart Ready AHMEDABAD shelf price (priceSALE; MRP kept as regular price) of a fixed pool of 4 mainstream SKUs, matched-model Jevons (data/dmart/pool.csv, fixed 2026-10-02). NOT a Rajkot price (Rajkot pincodes are not served): PROXY bucket. Accrues forward from 2026-10; earlier months use the official stand-in; gate vs official item index after 6 overlapping months (pending until then)"
E004,official_link,linked,no independent source yet; official MoSPI Gujarat-urban item index used as flagged stand-in
D001,official_link,linked,no independent source yet; official MoSPI Gujarat-urban item index used as flagged stand-in
D002,tariff,independent,"Rajkot District Tea Hotel Association rate card, half cup: Rs13 -> Rs15 from 1 Sep 2026 (new level reported by 5 outlets; prior level disputed 10/12/13, the conservative Rs13 is used = +15.4%, a lower bound). A trade-association RATE CARD, not an observed paid price = PROXY bucket; checked against official 'Tea: cups' when Sep 2026 is published"
D003,official_link,linked,no independent source yet; official MoSPI Gujarat-urban item index used as flagged stand-in
P001,dmart_ahmedabad,independent,"DMart Ready AHMEDABAD shelf price (priceSALE; MRP kept as regular price) of a fixed pool of 5 mainstream SKUs, matched-model Jevons (data/dmart/pool.csv, fixed 2026-10-02). NOT a Rajkot price (Rajkot pincodes are not served): PROXY bucket. Accrues forward from 2026-10; earlier months use the official stand-in; gate vs official item index after 6 overlapping months (pending until then)"
P002,dmart_ahmedabad,independent,"DMart Ready AHMEDABAD shelf price (priceSALE; MRP kept as regular price) of a fixed pool of 5 mainstream SKUs, matched-model Jevons (data/dmart/pool.csv, fixed 2026-10-02). NOT a Rajkot price (Rajkot pincodes are not served): PROXY bucket. Accrues forward from 2026-10; earlier months use the official stand-in; gate vs official item index after 6 overlapping months (pending until then)"
P003,dmart_ahmedabad,independent,"DMart Ready AHMEDABAD shelf price (priceSALE; MRP kept as regular price) of a fixed pool of 4 mainstream SKUs, matched-model Jevons (data/dmart/pool.csv, fixed 2026-10-02). NOT a Rajkot price (Rajkot pincodes are not served): PROXY bucket. Accrues forward from 2026-10; earlier months use the official stand-in; gate vs official item index after 6 overlapping months (pending until then)"
P004,fresha_salon,independent,"Fresha price list of ONE Rajkot venue (Style Inc with Prayag, 103 services; data/fresha/pool.csv), matched-model Jevons over services priced in both months, with two Internet Archive captures (2025-03, 2026-04) plus the live diary: a single premium salon (haircut Rs 1,000), so a very thin and upper-end-biased PROXY, PENDING GATE (3 months of history; the unchanged gate needs >=6 overlapping months). Months before the first capture stay on the official stand-in. Wired at the user's request to add independent sources; review/demote on a gate fail."
P005,gr_metals,independent,goodreturns Rajkot gold 22K / silver daily
P006,gr_metals,independent,goodreturns Rajkot gold 22K / silver daily
