source_id,name,url,class,used_for,sandbox_access,probe_url,probe_expect,verification,notes
mospi_cpi_api,MoSPI eSankhyiki CPI API (base 2024),https://api.mospi.gov.in/api/cpi/getCPIData,primary,official benchmark + weights back-out,ok (needs legacy TLS),https://api.mospi.gov.in/api/cpi/getCPIData?base_year=2024&series=Current&year=2026&state_code=10&sector_code=2&limit=10,data,verified live 2026-10-02,No token. limit 10..100. Error bodies can come with HTTP 200.
mospi_expert_report,MoSPI CPI-2024 expert group report (Annex 5.3 weights),https://www.mospi.gov.in,primary,all-India urban division/group weights,ok (PDF downloaded),,,verified,No Gujarat item weights published.
labour_bureau_ciw,Labour Bureau CPI-IW monthly letter (Rajkot centre 17),https://www.labourbureau.gov.in,primary,Rajkot CPI-IW benchmark (2016=100),ok (PDF),https://www.labourbureau.gov.in,Labour Bureau,verified Jul+Aug 2026,Monthly letter PDF; Rajkot row only. The home-page centre table (labour_bureau_centres) now back-fills 2025-05..2026-08.
gerc_tariff,GERC tariff schedule FY2025-26 (RGP slabs),https://gercin.org,primary,electricity base slabs,blocked from curl; ok via fetch_page,,,verified (slabs only),FPPPA and electricity duty NOT verified from a primary source -> R002 unsourced.
agmarknet_datagov,Agmarknet daily mandi prices via data.gov.in,https://api.data.gov.in/resource/9ef84268-d588-465a-a308-a864a43d0070,primary,Tier A/B fresh produce (Rajkot/Gondal APMC),BLOCKED (SSL EOF),https://api.data.gov.in/resource/9ef84268-d588-465a-a308-a864a43d0070?api-key=$DATA_GOV_API_KEY&format=json&limit=1,records,collector tested on fixture only,Run `python -m rpi probe` from your own network; needs free DATA_GOV_API_KEY.
agmarknet_site,Agmarknet portal,https://agmarknet.gov.in,primary,fallback for the above,BLOCKED (403),https://agmarknet.gov.in,Agmarknet,untested,
news_fuel_hikes,PTI/The Hindu/ET dated fuel & LPG revision reports,https://www.thehindu.com/business/Economy/petrol-diesel-prices-hiked-for-fourth-time-in-10-days-may-25-2026/article71019671.ece,secondary (news of record),dated national steps for petrol/diesel/LPG,ok via fetch/search,,,corroborated by official index,Steps scaled to Rajkot anchors; see data/tariff_events.csv.
indiatoday_fuel,India Today Rajkot petrol/diesel history,https://www.indiatoday.in/fuel-price/petrol-price-in-rajkot-today,secondary,Rajkot petrol/diesel anchors,ok via fetch,https://www.indiatoday.in/fuel-price/petrol-price-in-rajkot-today,Rajkot,corroborated by Goodreturns + official index,Contains glitches (e.g. a Rs117.61 'high' on 27-Aug-2026) -> robust cleaning needed. ToS unreviewed: use manual/low-rate only.
goodreturns_fuel,Goodreturns Rajkot petrol/diesel/LPG,https://www.goodreturns.in/petrol-price-in-rajkot.html,secondary,second source for fuel anchors,ok via fetch,,,agrees with India Today,LPG commentary is auto-generated and inconsistent; use only for headline price.
mypetrolprice,mypetrolprice.com Rajkot,https://www.mypetrolprice.com,secondary,none,n/a,,,REJECTED,Petrol Rs115.01 contradicts official index (+7.7%) and two other sources.
guvnl_fpppa,GUVNL / PGVCL FPPPA + electricity duty notices,https://www.guvnl.com,primary,R002 electricity bill,not found,,,UNSOURCED,"billcalculator.in says Rs2.70/unit; single secondary source, not used."
iocl_lpg,IOCL/PPAC LPG price by city,https://iocl.com/indane-14-2kg-gas-price,primary,LPG exact price,page renders empty (JS),,,UNSOURCED,LPG anchored via dated news + Delhi+5 offset consistency instead.
rmc_gsrtc,RMC / GSRTC bus fares; telecom tariffs; school fee committee,various,primary,"R004,T003,K001,K003,E001",not searched,,,UNSOURCED,
goodreturns_fuel,Goodreturns Rajkot petrol/diesel daily history,https://www.goodreturns.in/petrol-price-in-rajkot.html,secondary (single feed; same feed as India Today),T001/T002 daily price-change events (outlier-screened),ok,https://www.goodreturns.in/petrol-price-in-rajkot.html,Rajkot,corroborated by official Gujarat-urban petrol/diesel index (gap <0.15pp),Daily noise ~+-0.6; Rs117.61 glitch screened by clean_outliers. robots allow.
goodreturns_lpg,Goodreturns Rajkot LPG 14.2kg monthly,https://www.goodreturns.in/lpg-price-in-rajkot.html,secondary,R003 monthly events (858 -> 918 -> 947),ok,https://www.goodreturns.in/lpg-price-in-rajkot.html,Rajkot,matches tariff events from press reports,Effective day inside month unknown; month start used.
gr_metals,Goodreturns Rajkot gold 22K / silver,https://www.goodreturns.in/gold-rates/rajkot.html,secondary,"P005 gold 22K Rs/g, P006 silver Rs/g (daily; 10-day history)",ok,https://www.goodreturns.in/gold-rates/rajkot.html,Rajkot,unverified (spot vs official jewellery index not comparable),Official item index back-fills months before this feed started (Sep 2026).
mandi_gondal,commodityonline.com - Gondal veg market (Rajkot district) Agmarknet republication,https://www.commodityonline.com/mandi/gujarat/rajkot/gondal-vegmarket-gondal/tomato,secondary (republishes Agmarknet),"F021-F025 wholesale modal price Rs/quintal -> Rs/kg; ~7 day lag, 10 rows history",ok,https://www.commodityonline.com/mandi/gujarat/rajkot/gondal-vegmarket-gondal/tomato,Gondal,unverified; wholesale not retail; Gondal not Rajkot city,Terms not reviewed; low-rate polite fetch. Rajkot APMC page is stale (Dec 2025).
labour_bureau_cpiiw,"Labour Bureau CPI-IW monthly press letter (Rajkot centre, 2016=100)",https://www.labourbureau.gov.in/,primary,benchmark only (Rajkot centre 146.2 Aug 2026); NOT an index input,ok (needs system CA bundle),https://www.labourbureau.gov.in/,MILCPI-IW,verified (primary),Month taken from filename (PDF text is OCR-garbled). No robots.txt (redirects to home).
official_link,MoSPI Gujarat-urban ITEM index used as stand-in series,https://api.mospi.gov.in/api/cpi/getCPIData,primary (but NOT independent),55 items (84.2% of weight) + back-fill for gold/silver/mandi items,ok,,,verified; thin-sample provisional state-level data,Flagged official_link everywhere; replaced item-by-item as independent collectors arrive.
fppas_schedule,Gujarat fuel surcharge (FPPAS) steps 2024-2026,https://indianexpress.com/article/cities/ahmedabad/gujarat-govt-reduces-fuel-surcharge-on-electricity-1-75-crore-consumers-to-benefit-10226515/,primary release carried by press,R002 electricity: 200 kWh bill model (rpi/electricity.py),ok (fetch_page/web_search),,,"verified to Jul 2025 (govt release, IE+DeshGujarat+Jagran); Jul 2026 step corroborated (2 outlets)","3.35->2.85 (Jan24) ->2.45 (Oct24) ->2.30 (Jul25) ->2.45+3.99% variable (Jul26). REJECTED: billcalculator Rs2.70, electricitybillcalculator Rs3.30, electricbillcalculate Rs0.19-0.28 (contradict each other and the release)."
gerc_tariff,GERC RGP urban slabs + fixed charge (effective 2025-04-01),https://gercin.org/viewdocument/dGFyaWZmc2NoZWR1bGVfcGRmXzE3NjkwODM4OTJfMjQ0MQ==,primary,"R002 base slabs 305/350/415/520 paise, fixed 15/25/45/70",blocked from sandbox (gercin.org); read via fetch_page,,,verified (FY2025-26),FY2026-27 order not verified; slabs assumed unchanged. Duty basis (15%) is secondary.
amul_milk,GCMMF/Amul Gujarat pouch-milk revisions,https://thenewsmill.com/2026/05/amul-raises-milk-prices-by-%E2%82%B92-per-litre-affecting-vadodara-households/,press quoting GCMMF release,F009 Amul Gold 500ml: 33 (derived) -> 34 (1 May 2025) -> 35 (14 May 2026),ok (web_search),,,verified; cross-checked vs official Milk:liquid index (106.1 vs 106.3 by Aug 2026),Curated register (scripts/add_milk_events.py); staleness alarm after 400 days.
gr_png,Goodreturns Rajkot domestic PNG monthly,https://www.goodreturns.in/png-price-in-rajkot.html,secondary,R005 PNG Rs/SCM incl. tax (goodreturns table + curated GGL revisions in data/png_events.csv),ok,https://www.goodreturns.in/png-price-in-rajkot.html,Rajkot,"verified (hike 3 Sep 2026: 49.02 -> 53.22, 5 outlets + arithmetic); goodreturns itself lags","goodreturns still showed 49.02 on 2 Oct 2026, a month after the hike, so data/png_events.csv overlays the revision only while goodreturns still shows the pre-event price (rpi/collectors/web_sources.apply_png_events). Event month is day-weighted. Earlier months imputed (official item is LPG+PNG blend; would double-count LPG). | RECONCILED 2026-10-02: GGL domestic tariff 46.69 pre-tax = 49.02 tax-inclusive to 2 Sep 2026; 53.22 tax-inclusive from 3 Sep 2026 (+4.20, +8.57%); +1.19 and +6.53 reports rejected. Overlay in data/png_events.csv self-retires when goodreturns catches up."
necc_ahmedabad,"NECC advisory wholesale egg rate, Ahmedabad zone (via eggratelab.com)",https://eggratelab.com/ahmedabad-egg-rate-today,secondary (republishes NECC),F020 eggs Rs/egg daily; 30-day history; official item back-fills earlier months,ok (robots allow),https://eggratelab.com/ahmedabad-egg-rate-today,Ahmedabad,"unverified; wholesale, Ahmedabad zone not Rajkot",Single-day glitches (e.g. 5.07 vs 5.80) screened by clean_outliers. eggratelab's 'Rajkot' page mirrors Ahmedabad +Rs0.10 so it is NOT used.
nppa_ceiling,"NPPA DPCO ceiling price, paracetamol 500mg",https://dc.kerala.gov.in/wp-content/uploads/2025/04/NPPA-UPDATED-PRICE-LIST-AS-ON-01-04-2025_compressed-1_compressed.pdf,"primary (Gazette S.O.1485(E), S.O.1575(E))","CORROBORATION ONLY (not an index input): 0.92 (Apr 2025, WPI +1.74%) -> 0.93 (Apr 2026, WPI +0.65%)",ok (web_search),,,verified,"One price-controlled drug is a worse proxy for 'medicines' than the broad official item index, so M001 stays official-linked."
telecom_2024,Jio/Airtel/Vi tariff hike 3-4 Jul 2024,https://economictimes.indiatimes.com/industry/telecom/telecom-news/airtel-jio-announce-mobile-tariff-hike-here-is-the-full-list-of-new-prepaid-and-postpaid-plans-and-prices/articleshow/111331921.cms,press (multiple),NOT USED: predates the Jan 2025 base; no 2025-26 revision found,ok,,,verified (Jul 2024 only),Absence of a reported hike is not proof of no hike; K001 stays official-linked.
commodityonline_mandiprices,"commodityonline /mandiprices/<commodity>/gujarat (state-level, shows Rajkot/Jetpur/Gondal APMC grains)",https://www.commodityonline.com/mandiprices/cotton/gujarat,secondary,would cover wheat/tur/chana/moong/groundnut,BLOCKED: Cloudflare challenge ('Just a moment') from the sandbox,,,n/a,Not bypassed. A browser-based/manual or API route is needed; staple grain/pulse items stay official-linked.
kisandeals_napanta,kisandeals.com / napanta.com mandi pages,https://www.kisandeals.com/mandiprices/ALL/ALL/GONDAL-APMC,secondary,would cover Gondal APMC wheat/groundnut,BLOCKED: kisandeals Cloudflare 403; napanta 308/502 and no robots.txt,,,n/a,Not used.
doca_price_monitor,DoCA Price Monitoring System (fcainfoweb.nic.in),https://fcainfoweb.nic.in/reports/report_menu_web.aspx,primary,would cover ~11 staples (all-India avg on home page only),BLOCKED: centre-wise report requires CAPTCHA; home page all-India only,,,n/a,Not automatable; no circumvention. Rajkot as a centre unconfirmed.
magicbricks_rental_index,Magicbricks Rental Index (press),https://www.magicbricks.com,secondary,considered for R001 rent,unusable: national/metro asking-rent index; Rajkot not broken out,,,rejected,Listing asking rents differ from CPI rent; not a Rajkot series.
amul_gst_step,Amul butter/ghee GST price cut 22 Sep 2025 (press),,secondary,considered for packaged-goods register,documented step only,,,rejected,"Pre/post levels not verifiable; official butter/ghee indices rose after Oct 2025, contradicting a flat register."
gujarat_auto_fare,Gujarat auto-rickshaw fares (press),,secondary,considered for T004,only 2022 revision found,,,rejected,Valid to Mar 2023; nothing for 2025-26.
mandi_rajkot_apmc,acrop.app - Rajkot APMC (AgMarkNet via data.gov.in),https://acrop.app/mandi/gujarat/rajkot/rajkot/wheat,secondary (republishes AgMarkNet; primary origin),"F001 wheat, F003 arhar, F004 moong, F005 chana: daily wholesale modal Rs/quintal -> Rs/kg",ok (robots: User-agent * Allow /),https://acrop.app/mandi/gujarat/rajkot/rajkot/wheat,Modal Price,unverified proxy; validation vs official item index pending (needs >=6 overlapping months),Wholesale raw grain stands in for retail packaged item; modal mixes varieties; ~10 dates in HTML so daily runs accumulate history; official index back-fills earlier months (cut off where this feed starts).
mandi_rajkot_veg,acrop.app - Rajkot (Veg. Sub Yard) APMC (AgMarkNet),https://acrop.app/mandi/gujarat/rajkot/rajkot-vegsub-yard/potato,secondary (republishes AgMarkNet; primary origin),"F021 potato, F022 onion, F023 tomato, F025 brinjal: second, fresher quote beside Gondal",ok (robots: User-agent * Allow /),https://acrop.app/mandi/gujarat/rajkot/rajkot-vegsub-yard/potato,Modal Price,unverified proxy; validation pending,Rajkot city veg yard; updated to the day before; no banana listed.
ndtv_fuel,NDTV fuel prices - Rajkot,https://www.ndtv.com/fuel-prices/petrol-price-in-rajkot-city,aggregator,cross-check of T001/T002 only,BLOCKED from sandbox (Akamai 403 incl. robots.txt); readable via fetch_page,,,spot-checked 2026-10-02: petrol 102.03 / diesel 98.16 vs ours 102.16 / 98.29,Not collected; no evasion. Manual cross-check only.
gujarat_gas_png_sep2026,"Gujarat Gas domestic PNG +Rs1.19/SCM from 3 Sep 2026 (TOI Surat, Gujarat First, Gujarat Mitra, Construction World)",https://timesofindia.indiatimes.com/city/surat/png-price-hiked-to-rs-53-22-per-scm/articleshow/133744871.cms,secondary (press),would update R005 from 49.03 to 50.22 pre-tax,reachable via search,,,NOT APPLIED: reports cover Surat/South Gujarat; Rajkot not confirmed; the press disagrees on the old rate (49.03 / 49.3 / 46.69),"NOT APPLIED (disputed). Fourth-sweep check: the new TAX-INCLUSIVE rate Rs53.22/SCM is the same in TOI Surat, Zee 24 Kalak (Gujarati), Gujarat Mitra and Construction World, and Gujarat Mitra/Zee describe a state-wide rise (37 lakh connections), so one statewide rate is likely. But the SIZE of the hike disagrees (+Rs1.19 pre-tax per TOI/Construction World; +Rs4.20 per Zee; +Rs6.53 per Gujarat Mitra, from 46.69) and the goodreturns base (49.02) is not stated as pre- or post-tax, so a level change cannot be applied without guessing. Revisit when a Rajkot or Gujarat Gas bill/tariff sheet is found."
yard_rajkot_board,"Rajkot Marketing Yard daily board via agrobhai.com (Rs/20kg low-high, named varieties)",https://agrobhai.com/rajkot-apmc/,secondary (republishes the yard board),F005 chana-yellow series (midpoint); cross-check of acrop wheat/tur/moong,ok (robots: User-agent * allows all but /wp-admin/),,,"first run exposed that acrop chana pools yellow+kabuli (modal outside the yellow band: 8,649/q vs yard 5,900-7,105)",Daily only (no history): the series accumulates from 2026-10-01; min 5 days/month rule applies
admin_registers_2026_10,"Administered/list-price registers: RMC water (R004), Jio+Airtel prepaid (K001), JioHotstar+Prime (S002)",https://github.com/ (see scripts/add_admin_registers.py for per-row URLs),press-of-record + operator listings,"R004, K001, S002 as Tier C tariff events",,,,"R004 corroborated (IE 2023, TOI+DeshGujarat Feb 2026; General Board vote unconfirmed); K001 Airtel 12 Aug 2026 verified by 4 outlets; S002 JioHotstar 28 Jan 2026 verified by 3 outlets, Prime flat corroborated",Audit flags K001 (+5.1% vs official +1.6%) and S002 (+8.3% vs +2.0%): list prices for new subscribers vs thin-sample official
commoditiescontrol_spot,"commoditiescontrol.com veg-oil spot (Rajkot/Gondal groundnut oil, Rs/10kg)",https://commoditiescontrol.com/eagritrader/revamp/commodity.php?cid=1,commercial subscription terminal,would have fed F006,reachable but data is behind login/JS,,,REJECTED: Terms of Use s.4/5 prohibit automated scraping and bulk download,Do not scrape
ncdex_spot,"NCDEX spot prices (Groundnut Oil Rajkot, Rs/10kg)",https://ncdex.com/markets/spot-prices-detail,exchange,would have fed F006,JS fingerprint bot-challenge page; robots.txt allows all,,,BLOCKED: only a bot-challenge page is served; not evading it,Needs a browser session/licensed feed; CEIC mirror is paywalled
mandi_rajkot_district,"acrop.app - Gondal, Jetpur, Jasdan APMC (AgMarkNet): wheat, tur, moong, chana",https://acrop.app/mandi/gujarat/rajkot/gondal/wheat,secondary (republishes AgMarkNet; primary origin),extra equal-weight quotes for F001/F003/F004/F005 beside the Rajkot yard,"ok (robots * allow; plain research UA, ~11 pages/day at 2 s spacing)",,,"cross-checked daily vs the yard board (agrobhai Gondal); Jasdan chana excluded (pooled varieties), Upleta/Dhoraji excluded (thin/missing rows)","Same-day modal spread across yards is large (tur Rs6,750 Jasdan vs Rs8,250 Gondal, 30 Sep-1 Oct): one-yard series are noisy, so several are averaged"
bankbazaar_metals_fuel,BankBazaar Rajkot petrol/diesel/gold/silver,https://www.bankbazaar.com/gold-rate-rajkot.html,aggregator,considered as second source,ok (robots * allow),,,"REJECTED as independent evidence. Fuel: petrol 115.01 with 40.07/100.10 glitches (same refuted figure as parkplus). Gold/silver: constant offset vs goodreturns (+Rs99/g gold = +0.72%, +Rs5/g silver) with identical day-to-day moves => same upstream feed",A scrape-integrity check at best; not counted as corroboration
gujaratijagran_oil_news,"Gujarati news daily edible-oil boards (Rajkot yard 15 kg tin: groundnut, cottonseed, palmolein)",https://www.gujaratijagran.com/business/edible-oil-prices-in-gujarat-today-08-october-2025-634649,press (republishes the Rajkot oil traders board),would have fed F006/F007,"ok (robots allow articles, disallow /tag/ and /page/)",,,"NOT ADOPTED: no daily index page (tags disallowed); the news sitemap holds no oil article in its last 100 items, so publication is event-driven; one 2025 article has a wrong date in its slug (october vs 8 November) => sampling bias and date risk","Level points exist (ETV Bharat/News18, 10-11 Sep 2026: groundnut tin Rs3,050, cottonseed Rs2,850); a dated press-point register is possible but biased toward big-move days"
apple_in_iphone,apple.com/in iPhone store price (fixed model),https://www.apple.com/in/shop/buy-iphone/iphone-16,primary (brand store),considered for K002,ok (robots allow),,,"NOT ADOPTED: a single model series is dominated by launch-cycle price cuts (iPhone 16 Rs79,900 -> Rs69,900 at the iPhone 17 launch), unrepresentative of the K002 basket item (hedonic replacement), weight 0.8",Revisit with a hedonic pool of several models
ibjarates_benchmark,IBJA daily gold/silver benchmark (ibjarates.com),https://ibjarates.com/,"trade-association benchmark (national, ex-GST)",cross-check ONLY for P005 gold 22K and P006 silver (rpi/crosscheck.py::crosscheck_ibja); never feeds the index,ok (no robots.txt; 1 request per refresh),https://ibjarates.com/,916,"different publisher from goodreturns; pre-registered bands: gold +/-3% of IBJA 916, silver +/-10% (weak)","Page holds only the latest 4 days (AM and PM tables), so the check compares overlapping days. Retail premium over IBJA observed +0.7% to +1.6% (gold) and +6.2% to +8.4% (silver) on 28 Sep-1 Oct 2026. National, not Rajkot-specific. IBJA asks users who price transactions/financial products to use its paid API; we use it for non-commercial validation only and publish only the premium diagnostic, never the IBJA rates."
frc_gujarat_fees,Gujarat Fee Regulatory Committee approved-fee orders (frcgujarat.org),http://www.frcgujarat.org/Home/SearchSchool,official (statutory regulator),"candidate for E001 school fees (Rajkot zone, per-school, per-class, per-year 2017-18..2026-27)","NOT reachable from the sandbox (connection fails); readable only through the assistant page reader, and the fee view is a JS/POST page",,,official; the best possible E001 source if it can be fetched programmatically,"NOT WIRED. 15,428 school entries; filters (district=Rajkot Corporation, board, medium) are POST form fields and the per-school ""view fee"" link target was not recoverable (the GUID links on the list page 404). Needs a browser-capable fetch or a hand-curated register of 3-5 named Rajkot schools. The Rajkot zone FRC issued an interim order on 21 Jan 2026 (cited on rkcrajkot.com). One school page is wirable today: rkcrajkot.com/fees-structure-2/ (elite boarding school; Classes 1-6 academic fee 156,600 -> 169,500, +8.2%, 2025-26 -> 2026-27). FOURTH-SWEEP ADDENDUM (second pass): schools publish their FRC-approved fees themselves. Verified Rajkot pages: Rajkumar College (2025-26 and 2026-27, FRC order 21 Jan 2026), Nirmala Convent CBSE (2025-26 'Approved Fees by FRC'), Delhi World Public School (2025-26 PDF). No school has two verified years AND a Jan 2025 (2024-25) base: Rajkumar's 2024-25 PDFs are not in Wayback, the DWPS fee page is an image. Logged in data/official/local_corroboration.csv as corroboration only."
amul_butter_ghee_mrp,Amul butter/ghee MRP (GCMMF statement 20 Sep 2025),https://www.hindustantimes.com/business/amul-cuts-prices-of-over-700-products-to-pass-gst-rate-cut-benefit-from-sept-22-list-101758434082390.html,"primary statement via press (HT, Tribune/ANI, India Today, ABP, afaqs, News18, WION)",would feed F011 butter / F012 ghee,reachable via search,,,"the Sep 2025 step is verified (6+ outlets): butter 100 g 62->58, 500 g 305->285, ghee 1 L 650->610, 5 L 3,275->3,075, effective 22 Sep 2025","NOT WIRED. The Jan-Aug 2025 level is unverified (a mediafeed list shows ghee 1 L = 630, inconsistent with 650) and no dated hike between Jan and Sep 2025 was found. A register needs a verified base-month price; with only one step we would be assuming the level before it. No change after 22 Sep 2025 was found through 2 Oct 2026."
chinimandi_sugar,ChiniMandi sugar ex-mill / wholesale / retail pages,https://www.chinimandi.com/sugar-prices/,trade news site,considered for F013 sugar,ok (robots allow generic; AI/scraper UAs disallowed),,,unverified,NOT ADOPTED: pages are WordPress news posts and tables for Maharashtra/UP/national mills; no Rajkot or Gujarat retail quote found.
ggl_png_press,"Gujarat Gas domestic PNG revision, 3 Sep 2026 (TOI, Zee 24 Kalak, Gujarat Mitra, Construction World, My Samachar)",https://timesofindia.indiatimes.com/city/surat/png-price-hiked-to-rs-53-22-per-scm/articleshow/133744871.cms,press (event-driven),R005 (via data/png_events.csv),fetch_page only,,,verified level 53.22 incl. VAT (5 outlets); old 49.02 reconciled (46.69 x 1.05; Zee +4.20); TOI +1.19 rejected,Each outlet disagrees on the size (+1.19 / +4.20 / +6.53) but only +4.20 is consistent with both prices on a tax-inclusive basis.
rajkot_tea_register_lead,"Rajkot District Tea Hotel Association price revision 1 Sep 2026 (Divya Bhaskar, CNBC TV18, News18, ABP Asmita)",https://www.cnbctv18.com/india/gujarat-tea-lovers-hit-by-price-hike-as-rajkots-cutting-chai-now-costs-rs-15-19982832.htm,press (event-driven),D002 cutting chai (wired: PROXY tariff register),fetch_page only (event-driven register),,,"new level agreed (half 15 / full 30); prior level disputed (half 10/12/13, full 20/24/26); conservative step used: 13 -> 15 (+15.4%), a lower bound; +50% reading not used","Trade-association rate card, not an observed price. Only a Mar 2022 hike (half 12->13, full 24->25; Amreli City, single outlet) is found before it. Event check vs MoSPI 'Tea: cups' Sep 2026 due mid-Oct. Local_corroboration rows kept."
labour_bureau_centres,"Labour Bureau home page: state-wise CPI-IW centre table (Ahmedabad, Bhavnagar, Rajkot, Surat, Vadodara; 2016=100)",https://labourbureau.gov.in/,primary,"benchmark only: Rajkot vs RPI, Rajkot vs other Gujarat centres (rpi/benchmark.py); NOT an index input",ok (curl); Wayback captures for history,https://labourbureau.gov.in/,Centre Name,"verified (primary, server-rendered popover; month order checked on 15 Wayback captures; later capture wins on revisions)","Each page load gives the last two months for all five Gujarat centres, so history accrues daily. Back-history 2025-05..2026-08 recovered from Wayback with scripts/harvest_cpi_iw_wayback.py; 2026-05 and Jan-Apr 2025 missing (captures lack the widget). General index only, no groups. Different population and weights from the RPI; never tune the RPI to it."
nppa_ceiling_paracetamol,"NPPA ceiling price, Paracetamol 500 mg tablet (DPCO 2013; S.O. 1489(E) 27.03.2025, S.O. 1575(E) 25.03.2026) + GST",https://dc.kerala.gov.in/,primary (regulatory),"M001 register (data/tariff_events.csv, scripts/add_nppa_register.py); counted as PROXY (a cap, not a shelf price)",fetch_page only (PDF); not needed at run time,,,"verified 1.4.2025, 22.9.2025 (GST 12->5%), 1.4.2026; 1.4.2024 level derived","Ceilings are ex-GST and change every 1 April by the WPI; Rs0.92 -> 0.93. Brands may sell below the cap. Official MoSPI Medicine index barely reacted to the Sep-2025 GST cut (pass-through 0.13 vs full), see event_checks.csv. Registry alarm 400 days."
doca_rajkot,"DoCA Price Monitoring System - daily retail prices, Rajkot centre (id 454), via cpi.reclaimchennai.city open API",https://cpi.reclaimchennai.city/api/docs,"primary (government data, third-party mirror)","F006 groundnut oil, F013 sugar, F026 gur (rpi/collectors/doca.py); 17 other commodities screened every run, not wired",ok (curl/requests); no robots.txt,https://cpi.reclaimchennai.city/api/meta,RAJKOT,"verified: all 41 all-India averages identical to the DoCA home page on the same date, re-proved on EVERY refresh (check:doca_mirror); per-item gate vs official index (3 pass, 17 fail)","fcainfoweb.nic.in gives centre data only behind a CAPTCHA (not bypassed). The mirror is a civic third-party project: if it stops matching DoCA the feed is skipped (items fall back to official stand-ins). Whole-rupee quotes of a standard local variety, 70-99% of days unchanged; not our fixed brand. Rajkot sugar 42 (Jun 2026) -> 58.7 (Sep 2026)."
doca_home,DoCA home page all-India average retail/wholesale prices (fcainfoweb.nic.in),https://fcainfoweb.nic.in/,primary,fidelity proof for the doca_rajkot mirror only; never an index input,ok (HTML),https://fcainfoweb.nic.in/,All India Average Retail Price,"verified (government site, daily)","Site intermittently returns an NIC ""inaccessible"" page; the check then reports doca_home_unreachable and the DoCA feed is skipped for that run."
gujarat_autorickshaw_tariff,"Gujarat Ports & Transport Dept auto-rickshaw fare notification (MV Act s.67), effective 7 Aug 2026; replaces the 2022 notification",https://www.gujaratsamachar.com/news/baroda/state-government-announces-new-rates-for-autorickshaw-fares-47273163234,primary (statutory notification) via 4 press outlets,"T004 register (data/tariff_events.csv, scripts/add_autorickshaw_register.py); counted as PROXY (a legal maximum, not a paid fare)",fetch_page only; not needed at run time,,,"verified 2022 tariff (PTI/Goodreturns 8 Jun 2022; Rs20 min, Rs15/km) and 7 Aug 2026 tariff (Gujarat Samachar, ABP Asmita, GSTV, News18 Gujarati); 3 km trip 47 -> 61","A legal maximum: many Rajkot autos are unmetered and bargain. Day tariff only (night +50%, waiting Rs1/min, 1.5x outside city not modelled). Official Gujarat-urban auto index had risen only ~3% to Aug 2026; event check compares Sep 2026 when MoSPI publishes it. Registry alarm 900 days."
jockey_mrp,Jockey India men's apparel list prices (web-store product JSON + Internet Archive snapshots),https://www.jockey.in/products.json,primary (retailer list price),C001/C002 SCREEN only (rpi/collectors/mrp.py); quarantine data/mrp/jockey_events.csv,ok (requests); Archive throttles by IP,,,"gate FAIL on partial pool: corr -0.45 (C001), 0.20 (C002); prices derived at midpoints of bracket","One brand, size M, online store; official index tracks mostly unbranded clothing. Never auto-promoted."
magicbricks_rent_listings,MagicBricks Rajkot rent list pages (JSON-LD RentAction),https://www.magicbricks.com/flats-for-rent-in-rajkot-pppfr,secondary (listing portal),"R001 DIAGNOSTIC only (rpi/collectors/rent_listings.py, data/rent_listings.csv)",ok (curl/requests),,,asking rents; monthly median CI +-12% vs official ~0.2%/month,"Flow of still-unlet advertised flats, not the tenancy stock; no history before Jul 2026; no index weight."
crompton_mrp_diary,"Brand-store list-price diary: Crompton 9 W LED, Bajaj Electricals 9 W LED and 3 L pressure cookers (manufacturer Shopify product JSON)",https://www.bajajelectricals.com/products/inner-lid-aluminium-pressure-cooker.json,primary (manufacturer list price),"H003/H004 DIAGNOSTIC only (rpi/collectors/mrp_diary.py, data/mrp_diary.csv)",ok (requests),,,"Rs150 on archived pages 2025-08-16 and 2025-10-08 and live 2026-10-02 (no compare_at, so not a sale price); Jan-2025 baseline unverified (Feb/Jul 2025 captures are JS shells)",Flat series cannot pass the correlation gate; official LED/CFL index moved -1.5% Jan 2025 to Aug 2026; Bajaj feed has no compare_at on any of 718 products; Wayback captures of Bajaj product pages start Apr 2025 (no Jan-2025 baseline)
doca_national,"DoCA Price Monitoring System - all-India balanced panel of ~500 centres' daily retail prices, via cpi.reclaimchennai.city /api/mapseries",https://cpi.reclaimchennai.city/api/docs,"primary (government data, third-party mirror verified vs DoCA home page every run)","F002 rice, F008 sunflower oil, F011 butter (PROXY bucket; rpi/collectors/doca.py DocaNationalCollector); screen: scripts/screen_doca_panels.py",ok (requests),,,gate vs official item index: F002 corr 0.69 drift 0.014; F008 0.75/0.037; F011 0.66/0.008 (Rajkot centre and Gujarat panel fail for all three); re-gated each run by validate:proxies,Not a Rajkot price and not a fixed brand; balanced panel (centres with a quote on every day); carried-forward quotes come from the mirror's fill
