item_id,series,effective_from,price,status,source_class,source_url,retrieved,note
D002,,2025-01-01,13.0,derived,press: association rate card (Divya Bhaskar 1 Sep 2026 'from Rs13'; Mar 2022 step 12 -> 13 per Amreli City 12 Mar 2022),https://www.amrelicity.com/expensive-news-for-tea-lovers-in-rajkot/,2026-10-02,"Half cup Rs13 = association rate since 11 Mar 2022 (dated at base month). Prior level disputed by other outlets (10 / 12); conservative end used. Rate card, not an observed paid price."
D002,,2026-09-01,15.0,verified,"Rajkot District Tea Hotel Association decision, Divya Bhaskar 1 Sep 2026; CNBC TV18, News18, News18 Gujarati, ABP Asmita, Gujarat Samachar (23 Aug - 3 Sep 2026)",https://www.divyabhaskar.co.in/local/gujarat/rajkot/news/rajkot-tea-price-hike-hotel-association-update-138896403.html,2026-10-02,"Half cup Rs15 (full cup Rs30) from 1 Sep 2026; about 2,500-3,000 stalls. Rate card, not an observed paid price."
F009,,2025-01-01,33.0,derived,press (derived),https://indianexpress.com/article/cities/ahmedabad/amul-milk-prices-up-by-rs-2-per-litre-gcmmf-says-lower-than-average-food-inflation-9975619/,2026-10-02,Amul Gold 500ml before the May 2025 hike = 34 - 1 (Rs2/L hike stated by GCMMF)
F009,,2025-05-01,34.0,verified,press (GCMMF release quoted by 2+ outlets),https://indianexpress.com/article/cities/ahmedabad/amul-milk-prices-up-by-rs-2-per-litre-gcmmf-says-lower-than-average-food-inflation-9975619/,2026-10-02,Amul Gold 500ml Gujarat after Rs2/L hike effective 1 May 2025
F009,,2026-05-14,35.0,verified,press (GCMMF release quoted),https://thenewsmill.com/2026/05/amul-raises-milk-prices-by-%E2%82%B92-per-litre-affecting-vadodara-households/,2026-10-02,Amul Gold 500ml Gujarat after Rs2/L hike effective 14 May 2026
K001,jio_299_1p5gb,2025-01-01,299.0,verified,press + operator listing (2+ outlets),https://www.bajajfinserv.in/jio-recharge-plans,2026-10-02,Jio 28-day 1.5GB/day plan Rs299 since the 3 Jul 2024 revision (Rs239 before); dated at the index base month
K001,airtel_entry_unlimited,2025-01-01,299.0,corroborated,press (Gadgets360; Greater Kashmir Aug 2025),https://www.gadgets360.com/telecom/features/airtel-vs-reliance-jio-new-prepaid-plans-compared-2024-5988533,2026-10-02,Airtel entry 28-day daily-data plan Rs299 since the July 2024 revision; dated at the index base month
K001,airtel_entry_unlimited,2026-08-12,349.0,verified,"press (India Today, Moneycontrol, Trak, FE)",https://www.indiatoday.in/business/story/airtel-removes-rs-299-rs-579-rs-619-rs-649-plans-heres-what-customers-pay-now-2969538-2026-08-12,2026-10-02,Airtel withdrew Rs299 on 12 Aug 2026; cheapest unlimited daily plan now Rs349 (2GB/day; no quality adjustment)
K001,jio_299_1p5gb,2026-08-21,299.0,verified,"press (NDTV Profit, FE, dailydigihelp)",https://www.financialexpress.com/business/industry-airtel-axes-rs-299-plan-jio-revives-rs-300-prime-plan-is-a-telecom-tariff-hike-coming-4322319/,2026-10-02,Re-confirmation: Jio still lists Rs299 (Aug 2026)
M001,,2025-01-01,1.008,derived,NPPA ceiling (derived from the 1.4.2025 list and WPI 1.74028%) x GST 12%,https://dc.kerala.gov.in/wp-content/uploads/2026/02/NPPA_UPDATED_PRICE-LIST_AS_ON_30012026.pdf,2026-10-02,"Ceiling Rs0.90 ex-GST (derived) x 1.12. True effective date 1.4.2024; dated at the index base month. Cap, not observed price."
M001,,2025-04-01,1.0304,verified,NPPA S.O. 1489(E) 27.03.2025 (Kerala drugs control copy of the list),https://dc.kerala.gov.in/wp-content/uploads/2026/02/NPPA_UPDATED_PRICE-LIST_AS_ON_30012026.pdf,2026-10-02,Ceiling Rs0.92 ex-GST (WPI +1.74028%) x GST 12%.
M001,,2025-09-22,0.966,verified,NPPA OM (Business Standard 12 Sep 2025; India TV; EY) + GST Council 56th meeting,https://www.business-standard.com/industry/news/nppa-asks-pharma-medtech-cos-to-reduce-cost-pass-on-benefits-to-consumers-125091201606_1.html,2026-10-02,"GST on drugs 12% -> 5%; NPPA ordered all MRPs revised from 22 Sep 2025 (old stock need not be re-stickered, so shelf prices may lag for weeks)."
M001,,2026-04-01,0.9765,verified,NPPA S.O. 1575(E) 25.03.2026 (NPPA list as on 27.05.2026),https://dc.kerala.gov.in/wp-content/uploads/2026/06/NPPA-UPDATED-PRICE-LIST-AS-ON-27-05-2026.pdf,2026-10-02,Ceiling Rs0.93 ex-GST (WPI +0.64956%) x GST 5%.
R003,,2025-01-01,808.0,corroborated,secondary,https://www.goodreturns.in/lpg-price-in-rajkot.html,2026-10-02,Pre-hike price; consistent with Delhi 803 + 5. Official LPG+PNG index flat Jan-Mar 2025
R003,,2025-04-08,858.0,corroborated,secondary+official,https://www.goodreturns.in/lpg-price-in-rajkot.html,2026-10-02,National +Rs50 hike (recalled; not re-fetched this session); official LPG+PNG item +2.21% in Apr 2025
R003,,2026-03-07,918.0,verified,news+official,https://www.bankbazaar.com/gas-connection/lpg-price-today.html,2026-10-02,National +Rs60 on 7-Mar-2026 (Delhi 853->913); Rajkot 858->918; official item +3.53% in Mar 2026
R003,,2026-06-07,947.0,verified,news+official,https://www.newsx.com/india/lpg-price-hike-2026-households-to-pay-29-more-for-142kg-domestic-gas-cylinder-231229/,2026-10-02,National +Rs29 on 7-Jun-2026 (Delhi 913->942); Rajkot 918->947; official item +1.73% in Jun 2026
R004,,2025-01-01,1500.0,corroborated,press (Indian Express; TOI),https://indianexpress.com/article/cities/rajkot/rajkot-civic-body-standing-committee-78-hike-water-charges-13-increase-property-tax-8434484/,2026-10-02,"Residential water Rs/yr: 1,500 since the Feb 2023 RMC standing-committee decision (from 840; FY23-24). Dated at the index base month so the panel does not start earlier than the other series"
R004,,2026-04-01,1500.0,corroborated,press (TOI + DeshGujarat),https://deshgujarat.com/2026/02/11/rajkot-civic-body-presents-%E2%82%B93604-90-crore-budget-with-interest-waiver-scheme/,2026-10-02,"Re-confirmation: FY26-27 draft hike to 2,400 (TOI 4 Feb 2026) scrapped by standing committee (DeshGujarat 11 Feb 2026); General Board vote not separately confirmed"
S002,jiohotstar_super_annual,2025-01-01,899.0,derived,press (Variety: 'from 899'),https://variety.com/2026/tv/news/indian-streaming-giant-jiohotstar-raises-prices-monthly-plans-1236634622/,2026-10-02,Super annual Rs899 before the Jan 2026 hike; Disney+ Hotstar Super annual carried into JioHotstar (pre-2025 price inferred)
S002,prime_annual,2025-01-01,1499.0,corroborated,press (Inc42 2023; Rooter Dec 2025),https://inc42.com/buzz/amazon-prime-to-cost-more-than-netflix-in-india-now/,2026-10-02,"Prime annual Rs1,499 unchanged since the Apr 2023 monthly/quarterly revision"
S002,jiohotstar_super_annual,2026-01-28,1099.0,verified,"press (Variety, Business Standard, Techloy)",https://variety.com/2026/tv/news/indian-streaming-giant-jiohotstar-raises-prices-monthly-plans-1236634622/,2026-10-02,"JioHotstar Super annual Rs899 -> Rs1,099 for new subscribers from 28 Jan 2026"
S002,prime_annual,2026-08-31,1499.0,verified,amazon.in listing quoted by Zoutons,https://zoutons.com/news/amazon-prime-membership-price-india-2026,2026-10-02,"Re-confirmation: amazon.in/amazonprime listed Rs1,499/yr on 17 and 31 Aug 2026"
T001,,2026-01-01,94.67,corroborated,secondary+official,https://www.indiatoday.in/fuel-price/petrol-price-in-rajkot-today,2026-10-02,Level 1-Apr-2026 per aggregator; official Gujarat-urban item index flat Jan-Apr 2026 so carried back to Jan
T001,,2026-05-15,97.49,derived,news+secondary,https://www.indiatoday.in/fuel-price/petrol-price-in-rajkot-today | https://www.telegraphindia.com/business/petrol-price-raised-by-87-paise-diesel-by-91-paise-third-fuel-hike-in-10-days/cid/2161954,2026-10-02,Dated national OMC hike (Delhi step 3.0); Rajkot step = Delhi step x 0.9388 so the path ends at the observed 31-May Rajkot price 101.57 (intermediate level estimated)
T001,,2026-05-19,98.3,derived,news+secondary,https://www.indiatoday.in/fuel-price/petrol-price-in-rajkot-today | https://www.telegraphindia.com/business/petrol-price-raised-by-87-paise-diesel-by-91-paise-third-fuel-hike-in-10-days/cid/2161954,2026-10-02,Dated national OMC hike (Delhi step 0.87); Rajkot step = Delhi step x 0.9388 so the path ends at the observed 31-May Rajkot price 101.57 (intermediate level estimated)
T001,,2026-05-23,99.12,derived,news+secondary,https://www.indiatoday.in/fuel-price/petrol-price-in-rajkot-today | https://www.telegraphindia.com/business/petrol-price-raised-by-87-paise-diesel-by-91-paise-third-fuel-hike-in-10-days/cid/2161954,2026-10-02,Dated national OMC hike (Delhi step 0.87); Rajkot step = Delhi step x 0.9388 so the path ends at the observed 31-May Rajkot price 101.57 (intermediate level estimated)
T001,,2026-05-25,101.57,verified,news+secondary,https://www.indiatoday.in/fuel-price/petrol-price-in-rajkot-today | https://www.telegraphindia.com/business/petrol-price-raised-by-87-paise-diesel-by-91-paise-third-fuel-hike-in-10-days/cid/2161954,2026-10-02,Dated national OMC hike (Delhi step 2.61); Rajkot step = Delhi step x 0.9388 so the path ends at the observed 31-May Rajkot price 101.57
T001,,2026-06-01,101.91,derived,secondary,https://www.indiatoday.in/fuel-price/petrol-price-in-rajkot-today,2026-10-02,Monthly mean estimated as (first-of-month + last-of-month price)/2 from aggregator history; daily prices wobble +-0.3-0.9
T001,,2026-07-01,102.29,derived,secondary,https://www.indiatoday.in/fuel-price/petrol-price-in-rajkot-today,2026-10-02,Monthly mean estimated as (first-of-month + last-of-month price)/2 from aggregator history; daily prices wobble +-0.3-0.9
T001,,2026-08-01,101.91,derived,secondary,https://www.indiatoday.in/fuel-price/petrol-price-in-rajkot-today,2026-10-02,Monthly mean estimated as (first-of-month + last-of-month price)/2 from aggregator history; daily prices wobble +-0.3-0.9
T001,,2026-09-01,101.71,derived,secondary,https://www.indiatoday.in/fuel-price/petrol-price-in-rajkot-today,2026-10-02,Monthly mean estimated as (first-of-month + last-of-month price)/2 from aggregator history; daily prices wobble +-0.3-0.9
T001,,2026-09-22,101.85,scraped,secondary (single feed),https://www.goodreturns.in/petrol-price-in-rajkot.html,2026-10-02,"daily scrape, outlier-cleaned"
T001,,2026-09-28,102.16,scraped,secondary (single feed),https://www.goodreturns.in/petrol-price-in-rajkot.html,2026-10-02,"daily scrape, outlier-cleaned"
T001,,2026-09-29,101.57,scraped,secondary (single feed),https://www.goodreturns.in/petrol-price-in-rajkot.html,2026-10-02,"daily scrape, outlier-cleaned"
T001,,2026-10-01,115.01,rejected,secondary,https://www.mypetrolprice.com/,2026-10-02,mypetrolprice claim; official petrol index (+7.7% since Apr) and two other sources imply ~102
T001,,2026-10-01,102.16,scraped,secondary (single feed),https://www.goodreturns.in/petrol-price-in-rajkot.html,2026-10-02,"daily scrape, outlier-cleaned"
T001,,2026-10-02,101.57,scraped,secondary (single feed),https://www.goodreturns.in/petrol-price-in-rajkot.html,2026-10-03,"daily scrape, outlier-cleaned"
T002,,2026-01-01,90.4,corroborated,secondary+official,https://www.indiatoday.in/fuel-price/diesel-price-in-rajkot-today,2026-10-02,Level 1-Apr-2026 per aggregator; official Gujarat-urban item index flat Jan-Apr 2026 so carried back to Jan
T002,,2026-05-15,93.31,derived,news+secondary,https://www.indiatoday.in/fuel-price/diesel-price-in-rajkot-today | https://www.telegraphindia.com/business/petrol-price-raised-by-87-paise-diesel-by-91-paise-third-fuel-hike-in-10-days/cid/2161954,2026-10-02,Dated national OMC hike (Delhi step 3.0); Rajkot step = Delhi step x 0.9708 so the path ends at the observed 31-May Rajkot price 97.71 (intermediate level estimated)
T002,,2026-05-19,94.2,derived,news+secondary,https://www.indiatoday.in/fuel-price/diesel-price-in-rajkot-today | https://www.telegraphindia.com/business/petrol-price-raised-by-87-paise-diesel-by-91-paise-third-fuel-hike-in-10-days/cid/2161954,2026-10-02,Dated national OMC hike (Delhi step 0.91); Rajkot step = Delhi step x 0.9708 so the path ends at the observed 31-May Rajkot price 97.71 (intermediate level estimated)
T002,,2026-05-23,95.08,derived,news+secondary,https://www.indiatoday.in/fuel-price/diesel-price-in-rajkot-today | https://www.telegraphindia.com/business/petrol-price-raised-by-87-paise-diesel-by-91-paise-third-fuel-hike-in-10-days/cid/2161954,2026-10-02,Dated national OMC hike (Delhi step 0.91); Rajkot step = Delhi step x 0.9708 so the path ends at the observed 31-May Rajkot price 97.71 (intermediate level estimated)
T002,,2026-05-25,97.71,verified,news+secondary,https://www.indiatoday.in/fuel-price/diesel-price-in-rajkot-today | https://www.telegraphindia.com/business/petrol-price-raised-by-87-paise-diesel-by-91-paise-third-fuel-hike-in-10-days/cid/2161954,2026-10-02,Dated national OMC hike (Delhi step 2.71); Rajkot step = Delhi step x 0.9708 so the path ends at the observed 31-May Rajkot price 97.71
T002,,2026-06-01,98.05,derived,secondary,https://www.indiatoday.in/fuel-price/diesel-price-in-rajkot-today,2026-10-02,Monthly mean estimated as (first-of-month + last-of-month price)/2 from aggregator history; daily prices wobble +-0.3-0.9
T002,,2026-07-01,98.42,derived,secondary,https://www.indiatoday.in/fuel-price/diesel-price-in-rajkot-today,2026-10-02,Monthly mean estimated as (first-of-month + last-of-month price)/2 from aggregator history; daily prices wobble +-0.3-0.9
T002,,2026-08-01,98.03,derived,secondary,https://www.indiatoday.in/fuel-price/diesel-price-in-rajkot-today,2026-10-02,Monthly mean estimated as (first-of-month + last-of-month price)/2 from aggregator history; daily prices wobble +-0.3-0.9
T002,,2026-09-01,97.85,derived,secondary,https://www.indiatoday.in/fuel-price/diesel-price-in-rajkot-today,2026-10-02,Monthly mean estimated as (first-of-month + last-of-month price)/2 from aggregator history; daily prices wobble +-0.3-0.9
T002,,2026-09-22,97.99,scraped,secondary (single feed),https://www.goodreturns.in/diesel-price-in-rajkot.html,2026-10-02,"daily scrape, outlier-cleaned"
T002,,2026-09-28,98.29,scraped,secondary (single feed),https://www.goodreturns.in/diesel-price-in-rajkot.html,2026-10-02,"daily scrape, outlier-cleaned"
T002,,2026-09-29,97.71,scraped,secondary (single feed),https://www.goodreturns.in/diesel-price-in-rajkot.html,2026-10-02,"daily scrape, outlier-cleaned"
T002,,2026-10-01,100.1,unverified,secondary,https://www.mypetrolprice.com/,2026-10-02,single aggregator; India Today/Goodreturns and official index imply ~97.7-98.3
T002,,2026-10-01,98.29,scraped,secondary (single feed),https://www.goodreturns.in/diesel-price-in-rajkot.html,2026-10-02,"daily scrape, outlier-cleaned"
T002,,2026-10-02,97.71,scraped,secondary (single feed),https://www.goodreturns.in/diesel-price-in-rajkot.html,2026-10-03,"daily scrape, outlier-cleaned"
T004,,2025-01-01,47.0,verified,statutory tariff (2022 notification via PTI/Goodreturns 8 Jun 2022; confirmed in force until 7 Aug 2026 by the 2026 notification coverage),https://www.gujaratsamachar.com/news/baroda/state-government-announces-new-rates-for-autorickshaw-fares-47273163234,2026-10-02,"3 km trip = Rs20 min (1.2 km) + 9 slabs x Rs3 (Rs15/km). True start Jun 2022; dated at the base month. Legal maximum, not an observed paid fare."
T004,,2026-08-07,61.0,verified,"Gujarat Ports & Transport Dept notification (MV Act s.67) quoted by Gujarat Samachar 7 Aug 2026, ABP Asmita 8 Aug, GSTV 8 Aug, News18 Gujarati 8 Aug 2026",https://www.gujaratsamachar.com/news/baroda/state-government-announces-new-rates-for-autorickshaw-fares-47273163234,2026-10-02,"3 km trip = Rs25 min (1.2 km) + 9 slabs x Rs4 (Rs20/km); cancels the 2022 notification. Day tariff only. Legal maximum, not an observed paid fare."
R002,,2024-10-01,1446.12,derived,press (2+ outlets),https://deshgujarat.com/2025/09/02/gujarat-govt-reduces-fuel-surcharge-on-electricity-1-75-crore-consumers-to-benefit/,2026-10-03,"FPPAS model: 200 kWh bill; slabs from 2024-10-01, FPPAS 2.45 + 0.0% variable, duty 15%"
R002,,2025-04-01,1446.12,verified,primary release + press,https://deshgujarat.com/2025/09/02/gujarat-govt-reduces-fuel-surcharge-on-electricity-1-75-crore-consumers-to-benefit/,2026-10-03,"FPPAS model: 200 kWh bill; slabs from 2025-04-01, FPPAS 2.45 + 0.0% variable, duty 15%"
R002,,2025-07-01,1411.62,verified,primary release + press,https://indianexpress.com/article/cities/ahmedabad/gujarat-govt-reduces-fuel-surcharge-on-electricity-1-75-crore-consumers-to-benefit-10226515/,2026-10-03,"FPPAS model: 200 kWh bill; slabs from 2025-04-01, FPPAS 2.3 + 0.0% variable, duty 15%"
R002,,2026-07-01,1503.83,corroborated,press (2+ outlets),https://www.bhaskarenglish.in/local/gujarat/surat/news/dgvcl-electricity-bill-price-hike-fppas-surcharge-september-2026-139097144.html,2026-10-03,"FPPAS model: 200 kWh bill; slabs from 2025-04-01, FPPAS 2.45 + 3.99% variable, duty 15%"
