ts,url,ok
20251103205251,https://www.bata.com/in/men/accessories/bags/laptop-bags/north-star-brown-laptop-bag-with-black-straps-for-men-500_2021_9094014.html,1
20250709115123,https://www.bata.com/in/hush-puppies-reversible-leather-belt-for-men-500_0HP9659545052H.html,1
20260206134737,https://www.bata.com/in/men/accessories/bags/laptop-bags/north-star-brown-laptop-bag-with-black-straps-for-men-500_2021_9094014.html,1
20250801000914,https://www.bata.com/in/north-star-sneakers-for-men-500_0NS8590140401F.html,1
20251104055025,https://www.bata.com/in/hush-puppies-reversible-leather-belt-for-men-500_0HP9659545052H.html,1
20260717063628,https://www.bata.com/in/power-outdoor-shoes-for-men-500_0PW8338944503F.html,1
20260513221505,https://www.bata.com/in/hush-puppies-reversible-leather-belt-for-men-500_0HP9659545052H.html,1
20251012213309,https://www.bata.com/in/power-polo-t-shirt-for-men-500_0PW9790015221H.html,1
20260118144017,https://www.bata.com/in/power-polo-t-shirt-for-men-500_0PW9790015221H.html,1
20260312070618,https://www.bata.com/in/power-polo-t-shirt-for-men-500_0PW9790015221H.html,1
20251105103458,https://www.bata.com/in/north-star-sneakers-for-men-500_0NS8590140401F.html,1
20251217041452,https://www.bata.com/in/north-star-sneakers-for-men-500_0NS8590140401F.html,1
20260826020535,https://www.bata.com/in/power-outdoor-shoes-for-men-500_0PW8338944503F.html,1
20250709112800,https://www.bata.com/in/men/accessories/bags/laptop-bags/north-star-brown-laptop-bag-with-black-straps-for-men-500_2021_9094014.html,1
20260130182146,https://www.bata.com/in/power-outdoor-shoes-for-men-500_0PW8338944503F.html,1
20260914151525,https://www.bata.com/in/power-outdoor-shoes-for-men-500_0PW8338944503F.html,1
20251028030631,https://www.bata.com/in/men/accessories/bags/laptop-bags/north-star-brown-laptop-bag-with-black-straps-for-men-500_2021_9094014.html,1
20251104053000,https://www.bata.com/in/power-outdoor-shoes-for-men-500_0PW8338944503F.html,1
20260314133743,https://www.bata.com/in/hush-puppies-reversible-leather-belt-for-men-500_0HP9659545052H.html,1
20251102220531,https://www.bata.com/in/power-polo-t-shirt-for-men-500_0PW9790015221H.html,1
20260113031323,https://www.bata.com/in/hush-puppies-reversible-leather-belt-for-men-500_0HP9659545052H.html,1
20251031232304,https://www.bata.com/in/power-outdoor-shoes-for-men-500_0PW8338944503F.html,1
20260212072911,https://www.bata.com/in/power-outdoor-shoes-for-men-500_0PW8338944503F.html,1
20260611223036,https://www.bata.com/in/north-star-sneakers-for-men-500_0NS8590140401F.html,1
20260415155042,https://www.bata.com/in/hush-puppies-reversible-leather-belt-for-men-500_0HP9659545052H.html,1
20250811080745,https://www.bata.com/in/hush-puppies-reversible-leather-belt-for-men-500_0HP9659545052H.html,1
20260411124443,https://www.bata.com/in/power-outdoor-shoes-for-men-500_0PW8338944503F.html,1
20260420103733,https://www.bata.com/in/north-star-sneakers-for-men-500_0NS8590140401F.html,1
20250911203121,https://www.bata.com/in/power-polo-t-shirt-for-men-500_0PW9790015221H.html,1
20260118015849,https://www.bata.com/in/north-star-sneakers-for-men-500_0NS8590140401F.html,1
20260510075520,https://www.bata.com/in/men/accessories/bags/laptop-bags/north-star-brown-laptop-bag-with-black-straps-for-men-500_2021_9094014.html,1
