effective_from,price,status,note,item_id,series,source_class,source_url,retrieved
2025-01-01,579.0,derived,Wayback snapshot 20250324090239 is after the base month; price carried back (unverified before it),C001,jockey:10043843,retailer list price (Internet Archive snapshots of the product page),https://www.jockey.in/products/super-combed-cotton-rich-solid-v-neck-half-sleeve-t-shirt-deep-atlantis-2726,2026-10-02
2025-01-01,579.0,scraped,Wayback snapshot 20241203030711,C001,jockey:10149507,retailer list price (Internet Archive snapshots of the product page),https://www.jockey.in/products/super-combed-cotton-rich-round-neck-half-sleeve-t-shirt-pacific-green-2714,2026-10-02
2025-01-01,579.0,scraped,Wayback snapshot 20241009032811,C001,jockey:10149551,retailer list price (Internet Archive snapshots of the product page),https://www.jockey.in/products/super-combed-cotton-rich-round-neck-half-sleeve-t-shirt-shanghai-red-2714,2026-10-02
2026-03-04,599.0,derived,579 on 2025-08-04 -> 599 on 2026-10-02 (live feed); change dated at the midpoint of the 424-day bracket,C001,jockey:10149551,retailer list price (Internet Archive snapshots of the product page),https://www.jockey.in/products/super-combed-cotton-rich-round-neck-half-sleeve-t-shirt-shanghai-red-2714,2026-10-02
2025-01-01,579.0,scraped,Wayback snapshot 20241105222741,C001,jockey:10342297,retailer list price (Internet Archive snapshots of the product page),https://www.jockey.in/products/super-combed-cotton-rich-solid-v-neck-half-sleeve-t-shirt-shanghai-red-2726,2026-10-02
2026-04-07,599.0,derived,579 on 2025-10-12 -> 599 on 2026-10-02 (live feed); change dated at the midpoint of the 355-day bracket,C001,jockey:10342297,retailer list price (Internet Archive snapshots of the product page),https://www.jockey.in/products/super-combed-cotton-rich-solid-v-neck-half-sleeve-t-shirt-shanghai-red-2726,2026-10-02
2025-01-01,1399.0,scraped,Wayback snapshot 20250115224030,C001,jockey:10346604,retailer list price (Internet Archive snapshots of the product page),https://www.jockey.in/products/tencel-micro-modal-and-cotton-blend-printed-half-sleeve-polo-t-shirt-black-im16,2026-10-02
2026-03-03,1309.0,derived,1399 on 2025-08-03 -> 1309 on 2026-10-02 (live feed); change dated at the midpoint of the 425-day bracket,C001,jockey:10346604,retailer list price (Internet Archive snapshots of the product page),https://www.jockey.in/products/tencel-micro-modal-and-cotton-blend-printed-half-sleeve-polo-t-shirt-black-im16,2026-10-02
2025-01-01,1199.0,scraped,Wayback snapshot 20241208035334,C001,jockey:10434808,retailer list price (Internet Archive snapshots of the product page),https://www.jockey.in/products/recycled-microfiber-elastane-stretch-fabric-round-neck-half-sleeve-breathable-mesh-t-shirt-black-mv37,2026-10-02
2025-01-01,1199.0,scraped,Wayback snapshot 20241208065505,C001,jockey:10434811,retailer list price (Internet Archive snapshots of the product page),https://www.jockey.in/products/recycled-microfiber-elastane-stretch-fabric-round-neck-half-sleeve-breathable-mesh-t-shirt-green-glow-mv37,2026-10-02
2025-01-01,1199.0,derived,Wayback snapshot 20250322060515 is after the base month; price carried back (unverified before it),C001,jockey:10434814,retailer list price (Internet Archive snapshots of the product page),https://www.jockey.in/products/recycled-microfiber-elastane-stretch-fabric-round-neck-half-sleeve-breathable-mesh-t-shirt-navy-mv37,2026-10-02
2025-01-01,999.0,derived,Wayback snapshot 20250321010431 is after the base month; price carried back (unverified before it),C001,jockey:10452608,retailer list price (Internet Archive snapshots of the product page),https://www.jockey.in/products/super-combed-supima-cotton-solid-round-neck-full-sleeve-t-shirt-black-im22,2026-10-02
2025-01-01,779.0,scraped,Wayback snapshot 20241105222051,C001,jockey:10614083,retailer list price (Internet Archive snapshots of the product page),https://www.jockey.in/products/super-combed-cotton-rich-graphic-printed-round-neck-half-sleeve-t-shirt-black-print-us81,2026-10-02
2025-10-19,899.0,derived,779 on 2024-11-05 -> 899 on 2026-10-02 (live feed); change dated at the midpoint of the 696-day bracket,C001,jockey:10614083,retailer list price (Internet Archive snapshots of the product page),https://www.jockey.in/products/super-combed-cotton-rich-graphic-printed-round-neck-half-sleeve-t-shirt-black-print-us81,2026-10-02
2025-01-01,779.0,scraped,Wayback snapshot 20241105215335,C001,jockey:10614086,retailer list price (Internet Archive snapshots of the product page),https://www.jockey.in/products/super-combed-cotton-rich-graphic-printed-round-neck-half-sleeve-t-shirt-cinnabar-us81,2026-10-02
2025-12-24,899.0,derived,779 on 2025-03-18 -> 899 on 2026-10-02 (live feed); change dated at the midpoint of the 563-day bracket,C001,jockey:10614086,retailer list price (Internet Archive snapshots of the product page),https://www.jockey.in/products/super-combed-cotton-rich-graphic-printed-round-neck-half-sleeve-t-shirt-cinnabar-us81,2026-10-02
2025-01-01,779.0,scraped,Wayback snapshot 20241015005623,C001,jockey:10614098,retailer list price (Internet Archive snapshots of the product page),https://www.jockey.in/products/super-combed-cotton-rich-graphic-printed-round-neck-half-sleeve-t-shirt-mid-grey-melange-us81,2026-10-02
2025-12-26,849.0,derived,779 on 2025-03-22 -> 849 on 2026-10-02 (live feed); change dated at the midpoint of the 559-day bracket,C001,jockey:10614098,retailer list price (Internet Archive snapshots of the product page),https://www.jockey.in/products/super-combed-cotton-rich-graphic-printed-round-neck-half-sleeve-t-shirt-mid-grey-melange-us81,2026-10-02
2025-01-01,779.0,scraped,Wayback snapshot 20241105223701,C001,jockey:10614101,retailer list price (Internet Archive snapshots of the product page),https://www.jockey.in/products/super-combed-cotton-rich-graphic-printed-round-neck-half-sleeve-t-shirt-stellar-us81,2026-10-02
2025-10-19,849.0,derived,779 on 2024-11-05 -> 849 on 2026-10-02 (live feed); change dated at the midpoint of the 696-day bracket,C001,jockey:10614101,retailer list price (Internet Archive snapshots of the product page),https://www.jockey.in/products/super-combed-cotton-rich-graphic-printed-round-neck-half-sleeve-t-shirt-stellar-us81,2026-10-02
2025-01-01,999.0,scraped,Wayback snapshot 20241009043246,C001,jockey:10857650,retailer list price (Internet Archive snapshots of the product page),https://www.jockey.in/products/super-combed-cotton-blend-solid-round-neck-half-sleeve-t-shirt-with-breathable-mesh-navy-mv01,2026-10-02
2025-01-01,1199.0,scraped,Wayback snapshot 20241014225721,C001,jockey:10894575,retailer list price (Internet Archive snapshots of the product page),https://www.jockey.in/products/microfiber-fabric-round-neck-half-sleeve-t-shirt-with-breathable-mesh-team-red-mv15,2026-10-02
2026-03-05,1119.0,derived,1199 on 2025-08-06 -> 1119 on 2026-10-02 (live feed); change dated at the midpoint of the 422-day bracket,C001,jockey:10894575,retailer list price (Internet Archive snapshots of the product page),https://www.jockey.in/products/microfiber-fabric-round-neck-half-sleeve-t-shirt-with-breathable-mesh-team-red-mv15,2026-10-02
2025-01-01,579.0,scraped,Wayback snapshot 20241101222309,C001,jockey:10988269,retailer list price (Internet Archive snapshots of the product page),https://www.jockey.in/products/super-combed-cotton-rich-round-neck-half-sleeve-t-shirt-sea-angel-2714,2026-10-02
2026-03-03,599.0,derived,579 on 2025-08-03 -> 599 on 2026-10-02 (live feed); change dated at the midpoint of the 425-day bracket,C001,jockey:10988269,retailer list price (Internet Archive snapshots of the product page),https://www.jockey.in/products/super-combed-cotton-rich-round-neck-half-sleeve-t-shirt-sea-angel-2714,2026-10-02
2025-01-01,579.0,scraped,Wayback snapshot 20241106023906,C001,jockey:10988287,retailer list price (Internet Archive snapshots of the product page),https://www.jockey.in/products/super-combed-cotton-rich-solid-v-neck-half-sleeve-t-shirt-sea-angel-2726,2026-10-02
2026-04-10,599.0,derived,579 on 2025-10-18 -> 599 on 2026-10-02 (live feed); change dated at the midpoint of the 349-day bracket,C001,jockey:10988287,retailer list price (Internet Archive snapshots of the product page),https://www.jockey.in/products/super-combed-cotton-rich-solid-v-neck-half-sleeve-t-shirt-sea-angel-2726,2026-10-02
2025-01-01,699.0,scraped,Wayback snapshot 20250115215326,C001,jockey:10988464,retailer list price (Internet Archive snapshots of the product page),https://www.jockey.in/products/super-combed-cotton-rich-striped-round-neck-half-sleeve-t-shirt-burnt-gold-navy-white-2715,2026-10-02
2025-01-01,1399.0,scraped,Wayback snapshot 20241102001144,C001,jockey:10991798,retailer list price (Internet Archive snapshots of the product page),https://www.jockey.in/products/tencel-micro-modal-and-cotton-blend-thin-stripe-half-sleeve-polo-t-shirt-black-im35,2026-10-02
2026-03-04,1309.0,derived,1399 on 2025-08-05 -> 1309 on 2026-10-02 (live feed); change dated at the midpoint of the 423-day bracket,C001,jockey:10991798,retailer list price (Internet Archive snapshots of the product page),https://www.jockey.in/products/tencel-micro-modal-and-cotton-blend-thin-stripe-half-sleeve-polo-t-shirt-black-im35,2026-10-02
2025-01-01,1299.0,scraped,Wayback snapshot 20250113225556,C001,jockey:11099517,retailer list price (Internet Archive snapshots of the product page),https://www.jockey.in/products/super-combed-cotton-rich-solid-full-sleeve-polo-t-shirt-with-ribbed-cuffs-black-3914,2026-10-02
2026-02-24,1209.0,derived,1299 on 2025-07-20 -> 1209 on 2026-10-02 (live feed); change dated at the midpoint of the 439-day bracket,C001,jockey:11099517,retailer list price (Internet Archive snapshots of the product page),https://www.jockey.in/products/super-combed-cotton-rich-solid-full-sleeve-polo-t-shirt-with-ribbed-cuffs-black-3914,2026-10-02
2025-01-01,1299.0,scraped,Wayback snapshot 20250114003647,C001,jockey:11099520,retailer list price (Internet Archive snapshots of the product page),https://www.jockey.in/products/super-combed-cotton-rich-solid-full-sleeve-polo-t-shirt-with-ribbed-cuffs-navy-3914,2026-10-02
2025-01-01,1299.0,scraped,Wayback snapshot 20250113224707,C001,jockey:11099525,retailer list price (Internet Archive snapshots of the product page),https://www.jockey.in/products/super-combed-cotton-rich-solid-full-sleeve-polo-t-shirt-with-ribbed-cuffs-olive-3914,2026-10-02
2025-09-08,1209.0,derived,1299 on 2025-08-03 -> 1209 on 2025-10-15 (Wayback 20251015073819); change dated at the midpoint of the 73-day bracket,C001,jockey:11099525,retailer list price (Internet Archive snapshots of the product page),https://www.jockey.in/products/super-combed-cotton-rich-solid-full-sleeve-polo-t-shirt-with-ribbed-cuffs-olive-3914,2026-10-02
2025-01-01,1299.0,scraped,Wayback snapshot 20250114002827,C001,jockey:11099532,retailer list price (Internet Archive snapshots of the product page),https://www.jockey.in/products/super-combed-cotton-rich-solid-full-sleeve-polo-t-shirt-with-ribbed-cuffs-seaport-teal-3914,2026-10-02
2025-01-01,1299.0,scraped,Wayback snapshot 20250114002615,C001,jockey:11099535,retailer list price (Internet Archive snapshots of the product page),https://www.jockey.in/products/super-combed-cotton-rich-solid-full-sleeve-polo-t-shirt-with-ribbed-cuffs-white-3914,2026-10-02
2026-03-05,1209.0,derived,1299 on 2025-08-06 -> 1209 on 2026-10-02 (live feed); change dated at the midpoint of the 422-day bracket,C001,jockey:11099535,retailer list price (Internet Archive snapshots of the product page),https://www.jockey.in/products/super-combed-cotton-rich-solid-full-sleeve-polo-t-shirt-with-ribbed-cuffs-white-3914,2026-10-02
2025-01-01,1299.0,scraped,Wayback snapshot 20250113230302,C001,jockey:11099542,retailer list price (Internet Archive snapshots of the product page),https://www.jockey.in/products/super-combed-cotton-rich-solid-full-sleeve-polo-t-shirt-with-ribbed-cuffs-wine-tasting-3914,2026-10-02
2026-01-15,1209.0,derived,1299 on 2025-07-20 -> 1209 on 2026-07-13 (Wayback 20260713144929); change dated at the midpoint of the 358-day bracket,C001,jockey:11099542,retailer list price (Internet Archive snapshots of the product page),https://www.jockey.in/products/super-combed-cotton-rich-solid-full-sleeve-polo-t-shirt-with-ribbed-cuffs-wine-tasting-3914,2026-10-02
2025-01-01,799.0,derived,Wayback snapshot 20250324100733 is after the base month; price carried back (unverified before it),C002,jockey:10034593,retailer list price (Internet Archive snapshots of the product page),https://www.jockey.in/products/super-combed-cotton-rich-regular-fit-shorts-with-side-pockets-grey-melange-navy-9426,2026-10-02
2025-01-01,1199.0,derived,Wayback snapshot 20250324100434 is after the base month; price carried back (unverified before it),C002,jockey:10040065,retailer list price (Internet Archive snapshots of the product page),https://www.jockey.in/products/super-combed-cotton-rich-shorts-with-stayfresh-treatment-navy-sp26,2026-10-02
2025-01-01,1589.0,derived,Wayback snapshot 20250321005528 is after the base month; price carried back (unverified before it),C002,jockey:10040238,retailer list price (Internet Archive snapshots of the product page),https://www.jockey.in/products/super-combed-cotton-rich-trackpant-with-zipper-pockets-and-stayfresh-treatment-graphite-sp27,2026-10-02
2026-03-05,1499.0,derived,1589 on 2025-08-06 -> 1499 on 2026-10-02 (live feed); change dated at the midpoint of the 422-day bracket,C002,jockey:10040238,retailer list price (Internet Archive snapshots of the product page),https://www.jockey.in/products/super-combed-cotton-rich-trackpant-with-zipper-pockets-and-stayfresh-treatment-graphite-sp27,2026-10-02
2025-01-01,1589.0,derived,Wayback snapshot 20250324100358 is after the base month; price carried back (unverified before it),C002,jockey:10040242,retailer list price (Internet Archive snapshots of the product page),https://www.jockey.in/products/super-combed-cotton-rich-trackpant-with-zipper-pockets-and-stayfresh-treatment-navy-sp27,2026-10-02
2026-03-22,1499.0,derived,1589 on 2025-09-09 -> 1499 on 2026-10-02 (live feed); change dated at the midpoint of the 388-day bracket,C002,jockey:10040242,retailer list price (Internet Archive snapshots of the product page),https://www.jockey.in/products/super-combed-cotton-rich-trackpant-with-zipper-pockets-and-stayfresh-treatment-navy-sp27,2026-10-02
2025-01-01,1589.0,scraped,Wayback snapshot 20241009034704,C002,jockey:10040270,retailer list price (Internet Archive snapshots of the product page),https://www.jockey.in/products/super-combed-cotton-rich-trackpant-with-zipper-pockets-and-stayfresh-treatment-performance-grey-sp27,2026-10-02
2026-03-05,1499.0,derived,1589 on 2025-08-06 -> 1499 on 2026-10-02 (live feed); change dated at the midpoint of the 422-day bracket,C002,jockey:10040270,retailer list price (Internet Archive snapshots of the product page),https://www.jockey.in/products/super-combed-cotton-rich-trackpant-with-zipper-pockets-and-stayfresh-treatment-performance-grey-sp27,2026-10-02
2025-01-01,1999.0,derived,Wayback snapshot 20250321003735 is after the base month; price carried back (unverified before it),C002,jockey:10044880,retailer list price (Internet Archive snapshots of the product page),https://www.jockey.in/products/soft-touch-microfiber-elastane-stretch-trackpant-with-side-pockets-and-stayfresh-treatment-black-sp16,2026-10-02
2025-01-01,1199.0,derived,Wayback snapshot 20250322054918 is after the base month; price carried back (unverified before it),C002,jockey:10175292,retailer list price (Internet Archive snapshots of the product page),https://www.jockey.in/products/super-combed-cotton-rich-shorts-with-stayfresh-treatment-black-sp26,2026-10-02
2025-11-16,1119.0,derived,1199 on 2025-08-07 -> 1119 on 2026-02-25 (Wayback 20260225144406); change dated at the midpoint of the 202-day bracket,C002,jockey:10175292,retailer list price (Internet Archive snapshots of the product page),https://www.jockey.in/products/super-combed-cotton-rich-shorts-with-stayfresh-treatment-black-sp26,2026-10-02
2026-06-14,1199.0,derived,1119 on 2026-02-25 -> 1199 on 2026-10-02 (live feed); change dated at the midpoint of the 219-day bracket,C002,jockey:10175292,retailer list price (Internet Archive snapshots of the product page),https://www.jockey.in/products/super-combed-cotton-rich-shorts-with-stayfresh-treatment-black-sp26,2026-10-02
2025-01-01,899.0,scraped,Wayback snapshot 20241015010031,C002,jockey:10215012,retailer list price (Internet Archive snapshots of the product page),https://www.jockey.in/products/super-combed-cotton-rich-straight-fit-shorts-with-side-pockets-charcoal-melange-shanghai-red-9411,2026-10-02
2025-01-01,899.0,derived,Wayback snapshot 20250321004759 is after the base month; price carried back (unverified before it),C002,jockey:10215120,retailer list price (Internet Archive snapshots of the product page),https://www.jockey.in/products/super-combed-cotton-rich-straight-fit-shorts-with-side-pockets-navy-charcoal-melange-9411,2026-10-02
2025-01-01,1199.0,derived,Wayback snapshot 20250321004308 is after the base month; price carried back (unverified before it),C002,jockey:10341390,retailer list price (Internet Archive snapshots of the product page),https://www.jockey.in/products/super-combed-cotton-rich-mesh-elastane-stretch-regular-fit-shorts-with-side-pockets-deep-olive-am37,2026-10-02
2025-11-14,1119.0,derived,1199 on 2025-08-03 -> 1119 on 2026-02-25 (Wayback 20260225144407); change dated at the midpoint of the 206-day bracket,C002,jockey:10341390,retailer list price (Internet Archive snapshots of the product page),https://www.jockey.in/products/super-combed-cotton-rich-mesh-elastane-stretch-regular-fit-shorts-with-side-pockets-deep-olive-am37,2026-10-02
2025-01-01,1199.0,scraped,Wayback snapshot 20240919103133,C002,jockey:10563232,retailer list price (Internet Archive snapshots of the product page),https://www.jockey.in/products/super-combed-cotton-rich-shorts-with-stayfresh-treatment-deep-olive-sp26,2026-10-02
2025-01-01,1049.0,scraped,Wayback snapshot 20241004044655,C002,jockey:10996305,retailer list price (Internet Archive snapshots of the product page),https://www.jockey.in/products/super-combed-cotton-rich-slim-fit-trackpant-with-zipper-media-pocket-olive-am75,2026-10-02
2025-01-01,1699.0,derived,Wayback snapshot 20250321001124 is after the base month; price carried back (unverified before it),C002,jockey:11106092,retailer list price (Internet Archive snapshots of the product page),https://www.jockey.in/products/super-combed-cotton-rich-pique-slim-fit-trackpant-with-side-zipper-pockets-desert-taupe-am44,2026-10-02
2026-03-05,1799.0,derived,1699 on 2025-08-07 -> 1799 on 2026-10-02 (live feed); change dated at the midpoint of the 421-day bracket,C002,jockey:11106092,retailer list price (Internet Archive snapshots of the product page),https://www.jockey.in/products/super-combed-cotton-rich-pique-slim-fit-trackpant-with-side-zipper-pockets-desert-taupe-am44,2026-10-02
