item_id,reference,ref_months,nA,A_own_pp,A_seasonal_pp,A_gain_pct,nB,B_own_pp,B_seasonal_pp,B_gain_pct,adopt
F001,Wheat flour,122,52,3.541,3.897,-10.0,11,0.419,1.237,-195.2,False
F002,Rice,143,52,9.724,9.946,-2.3,11,0.73,2.299,-215.0,False
F004,Lentils (moong),90,52,5.018,5.677,-13.1,11,1.007,1.763,-75.1,False
F006,Oil (groundnut),122,52,5.471,5.608,-2.5,11,1.851,2.608,-40.9,False
F008,Oil (sunflower),124,52,8.688,8.77,-0.9,11,1.195,2.692,-125.3,False
F009,Milk (pasteurized),125,51,1.634,1.626,0.5,11,0.488,0.779,-59.5,False
F013,Sugar,145,51,2.345,2.999,-27.9,11,4.753,4.805,-1.1,False
F014,Tea (black),113,51,4.441,4.794,-7.9,11,0.323,1.319,-308.2,False
F015,Salt (iodised),122,51,4.358,4.324,0.8,11,0.559,1.444,-158.2,False
F021,Potatoes,125,52,15.617,15.008,3.9,11,8.49,6.678,21.3,False
F022,Onions,124,51,21.046,25.421,-20.8,11,10.743,9.862,8.2,False
F023,Tomatoes,122,51,28.981,29.237,-0.9,11,20.147,22.333,-10.8,False
F026,Sugar (jaggery/gur),89,51,4.314,5.072,-17.6,11,1.763,2.55,-44.7,False
F020,NECC Ahmedabad,211,72,9.918,8.043,18.9,11,3.007,6.664,-121.6,False
