loc,month,precip_mm_day,tmax
rajkot,2012-01,0.0,29.93
rajkot,2012-02,0.0,34.26
rajkot,2012-03,0.0,41.39
rajkot,2012-04,0.02,41.59
rajkot,2012-05,0.0,41.61
rajkot,2012-06,0.88,40.49
rajkot,2012-07,1.91,37.0
rajkot,2012-08,1.36,37.03
rajkot,2012-09,7.23,35.3
rajkot,2012-10,0.0,36.25
rajkot,2012-11,0.0,35.12
rajkot,2012-12,0.0,34.61
rajkot,2013-01,0.09,33.58
rajkot,2013-02,0.02,35.49
rajkot,2013-03,0.0,39.62
rajkot,2013-04,0.91,40.4
rajkot,2013-05,0.0,42.96
rajkot,2013-06,5.18,41.74
rajkot,2013-07,5.56,34.9
rajkot,2013-08,3.89,33.57
rajkot,2013-09,16.55,38.01
rajkot,2013-10,1.35,34.08
rajkot,2013-11,0.0,31.74
rajkot,2013-12,0.0,31.52
rajkot,2014-01,0.03,32.11
rajkot,2014-02,0.0,33.59
rajkot,2014-03,0.0,39.5
rajkot,2014-04,0.17,43.34
rajkot,2014-05,0.47,43.92
rajkot,2014-06,0.4,44.02
rajkot,2014-07,6.99,39.67
rajkot,2014-08,3.75,34.31
rajkot,2014-09,2.81,35.38
rajkot,2014-10,0.05,38.04
rajkot,2014-11,0.3,36.57
rajkot,2014-12,0.0,33.91
rajkot,2015-01,0.14,32.06
rajkot,2015-02,0.02,38.57
rajkot,2015-03,0.4,41.23
rajkot,2015-04,0.05,43.15
rajkot,2015-05,0.15,43.4
rajkot,2015-06,9.39,41.66
rajkot,2015-07,8.63,36.33
rajkot,2015-08,0.26,34.82
rajkot,2015-09,3.16,37.9
rajkot,2015-10,0.0,39.03
rajkot,2015-11,0.0,36.7
rajkot,2015-12,0.0,35.34
rajkot,2016-01,0.0,33.31
rajkot,2016-02,0.0,38.42
rajkot,2016-03,0.03,41.33
rajkot,2016-04,0.0,42.79
rajkot,2016-05,0.02,44.49
rajkot,2016-06,1.54,43.49
rajkot,2016-07,4.32,36.89
rajkot,2016-08,5.37,33.59
rajkot,2016-09,1.39,35.65
rajkot,2016-10,1.62,35.67
rajkot,2016-11,0.0,35.33
rajkot,2016-12,0.0,34.29
rajkot,2017-01,0.0,34.23
rajkot,2017-02,0.0,38.17
rajkot,2017-03,0.0,41.8
rajkot,2017-04,0.0,43.88
rajkot,2017-05,0.17,42.74
rajkot,2017-06,4.82,41.94
rajkot,2017-07,16.85,35.53
rajkot,2017-08,5.35,32.57
rajkot,2017-09,1.28,33.16
rajkot,2017-10,0.06,36.71
rajkot,2017-11,0.0,34.85
rajkot,2017-12,0.1,32.29
rajkot,2018-01,0.0,34.41
rajkot,2018-02,0.0,37.24
rajkot,2018-03,0.0,41.64
rajkot,2018-04,0.01,43.56
rajkot,2018-05,0.0,43.66
rajkot,2018-06,1.19,42.97
rajkot,2018-07,6.47,37.17
rajkot,2018-08,4.35,34.7
rajkot,2018-09,0.6,37.36
rajkot,2018-10,0.02,39.55
rajkot,2018-11,0.0,37.04
rajkot,2018-12,0.0,32.17
rajkot,2019-01,0.07,34.15
rajkot,2019-02,0.0,34.98
rajkot,2019-03,0.0,42.17
rajkot,2019-04,0.02,43.97
rajkot,2019-05,0.01,42.26
rajkot,2019-06,1.83,42.98
rajkot,2019-07,5.2,39.72
rajkot,2019-08,12.4,33.58
rajkot,2019-09,11.19,32.63
rajkot,2019-10,1.44,32.46
rajkot,2019-11,0.46,31.16
rajkot,2019-12,0.02,28.4
rajkot,2020-01,0.02,29.68
rajkot,2020-02,0.0,36.27
rajkot,2020-03,0.04,39.48
rajkot,2020-04,0.07,43.24
rajkot,2020-05,0.0,43.34
rajkot,2020-06,3.46,39.94
rajkot,2020-07,10.08,37.11
rajkot,2020-08,19.93,33.63
rajkot,2020-09,2.54,32.85
rajkot,2020-10,1.95,33.7
rajkot,2020-11,0.0,31.48
rajkot,2020-12,0.06,31.49
rajkot,2021-01,0.0,32.01
rajkot,2021-02,0.0,35.68
rajkot,2021-03,0.0,41.12
rajkot,2021-04,0.03,42.32
rajkot,2021-05,1.03,44.18
rajkot,2021-06,3.56,40.88
rajkot,2021-07,5.8,36.84
rajkot,2021-08,1.23,35.12
rajkot,2021-09,16.05,33.03
rajkot,2021-10,0.11,33.51
rajkot,2021-11,0.21,32.18
rajkot,2021-12,0.09,29.21
rajkot,2022-01,0.09,31.24
rajkot,2022-02,0.0,35.09
rajkot,2022-03,0.0,41.7
rajkot,2022-04,0.0,43.47
rajkot,2022-05,0.0,45.18
rajkot,2022-06,2.18,41.54
rajkot,2022-07,13.76,32.44
rajkot,2022-08,5.49,32.84
rajkot,2022-09,5.46,33.28
rajkot,2022-10,0.19,33.58
rajkot,2022-11,0.02,34.73
rajkot,2022-12,0.0,34.23
rajkot,2023-01,0.01,31.37
rajkot,2023-02,0.0,38.78
rajkot,2023-03,0.74,38.15
rajkot,2023-04,0.42,40.27
rajkot,2023-05,0.68,42.81
rajkot,2023-06,11.18,41.36
rajkot,2023-07,9.35,33.6
rajkot,2023-08,0.19,32.72
rajkot,2023-09,2.71,36.69
rajkot,2023-10,0.04,36.97
rajkot,2023-11,0.66,36.07
rajkot,2023-12,0.0,32.73
rajkot,2024-01,0.0,32.26
rajkot,2024-02,0.0,38.3
rajkot,2024-03,0.15,40.11
rajkot,2024-04,0.22,43.11
rajkot,2024-05,0.17,44.51
rajkot,2024-06,2.65,41.62
rajkot,2024-07,9.69,36.58
rajkot,2024-08,16.47,33.55
rajkot,2024-09,3.32,32.27
rajkot,2024-10,1.63,33.57
rajkot,2024-11,0.0,33.33
rajkot,2024-12,0.0,31.34
rajkot,2025-01,0.0,32.93
rajkot,2025-02,0.0,38.92
rajkot,2025-03,0.0,41.32
rajkot,2025-04,0.0,43.17
rajkot,2025-05,1.45,43.13
rajkot,2025-06,11.02,41.03
rajkot,2025-07,6.44,33.24
rajkot,2025-08,5.13,33.8
rajkot,2025-09,6.27,33.74
rajkot,2025-10,1.91,33.74
rajkot,2025-11,0.58,31.53
rajkot,2025-12,0.07,32.51
deesa,2012-01,0.0,27.79
deesa,2012-02,0.0,32.91
deesa,2012-03,0.0,41.23
deesa,2012-04,0.16,41.63
deesa,2012-05,0.17,43.58
deesa,2012-06,0.43,43.05
deesa,2012-07,3.63,40.24
deesa,2012-08,8.17,36.62
deesa,2012-09,8.89,32.95
deesa,2012-10,0.0,34.01
deesa,2012-11,0.0,31.98
deesa,2012-12,0.0,31.56
deesa,2013-01,0.12,30.9
deesa,2013-02,0.24,32.96
deesa,2013-03,0.0,37.53
deesa,2013-04,0.36,41.85
deesa,2013-05,0.09,44.52
deesa,2013-06,2.65,42.73
deesa,2013-07,9.53,37.39
deesa,2013-08,3.99,32.54
deesa,2013-09,4.57,39.05
deesa,2013-10,0.61,34.39
deesa,2013-11,0.0,31.84
deesa,2013-12,0.0,30.45
deesa,2014-01,0.13,30.02
deesa,2014-02,0.0,32.0
deesa,2014-03,0.0,38.7
deesa,2014-04,0.16,43.39
deesa,2014-05,0.75,44.75
deesa,2014-06,0.33,44.98
deesa,2014-07,9.18,40.33
deesa,2014-08,2.63,35.17
deesa,2014-09,5.39,33.28
deesa,2014-10,0.01,36.28
deesa,2014-11,0.03,33.55
deesa,2014-12,0.08,31.67
deesa,2015-01,0.18,30.82
deesa,2015-02,0.0,36.41
deesa,2015-03,0.42,41.58
deesa,2015-04,0.53,43.65
deesa,2015-05,0.25,44.43
deesa,2015-06,3.19,43.44
deesa,2015-07,8.66,37.6
deesa,2015-08,4.14,32.76
deesa,2015-09,1.71,37.48
deesa,2015-10,0.0,37.99
deesa,2015-11,0.0,34.89
deesa,2015-12,0.0,34.01
deesa,2016-01,0.0,31.84
deesa,2016-02,0.0,37.0
deesa,2016-03,0.0,40.55
deesa,2016-04,0.0,43.28
deesa,2016-05,0.05,46.96
deesa,2016-06,0.83,45.28
deesa,2016-07,8.14,39.49
deesa,2016-08,13.3,32.65
deesa,2016-09,0.55,33.14
deesa,2016-10,1.66,33.64
deesa,2016-11,0.0,32.85
deesa,2016-12,0.0,32.04
deesa,2017-01,0.07,32.21
deesa,2017-02,0.0,35.87
deesa,2017-03,0.08,42.17
deesa,2017-04,0.01,43.39
deesa,2017-05,0.36,43.85
deesa,2017-06,2.9,43.91
deesa,2017-07,22.47,34.94
deesa,2017-08,4.09,32.61
deesa,2017-09,1.29,33.44
deesa,2017-10,0.0,36.73
deesa,2017-11,0.0,34.4
deesa,2017-12,0.25,30.82
deesa,2018-01,0.0,32.82
deesa,2018-02,0.0,36.42
deesa,2018-03,0.0,41.32
deesa,2018-04,0.0,43.77
deesa,2018-05,0.01,45.47
deesa,2018-06,2.83,44.49
deesa,2018-07,6.17,38.05
deesa,2018-08,3.79,34.54
deesa,2018-09,1.73,37.72
deesa,2018-10,0.01,37.29
deesa,2018-11,0.0,35.23
deesa,2018-12,0.0,30.56
deesa,2019-01,0.05,31.46
deesa,2019-02,0.03,33.92
deesa,2019-03,0.0,41.92
deesa,2019-04,0.24,43.32
deesa,2019-05,0.34,43.98
deesa,2019-06,2.2,46.2
deesa,2019-07,5.71,40.14
deesa,2019-08,13.93,33.98
deesa,2019-09,5.42,32.73
deesa,2019-10,0.62,32.37
deesa,2019-11,0.55,30.61
deesa,2019-12,0.03,28.0
deesa,2020-01,0.0,29.1
deesa,2020-02,0.0,34.1
deesa,2020-03,0.4,38.14
deesa,2020-04,0.06,43.7
deesa,2020-05,0.6,44.61
deesa,2020-06,2.68,41.84
deesa,2020-07,4.18,38.88
deesa,2020-08,19.49,37.3
deesa,2020-09,6.36,32.73
deesa,2020-10,0.19,33.36
deesa,2020-11,0.01,30.59
deesa,2020-12,0.01,31.55
deesa,2021-01,0.0,31.03
deesa,2021-02,0.0,35.75
deesa,2021-03,0.05,41.76
deesa,2021-04,0.0,42.92
deesa,2021-05,1.39,42.74
deesa,2021-06,3.29,41.48
deesa,2021-07,5.21,38.89
deesa,2021-08,1.33,36.03
deesa,2021-09,7.54,36.16
deesa,2021-10,0.15,34.89
deesa,2021-11,1.52,33.24
deesa,2021-12,0.24,28.51
deesa,2022-01,0.1,29.32
deesa,2022-02,0.0,33.93
deesa,2022-03,0.03,42.16
deesa,2022-04,0.0,43.86
deesa,2022-05,0.0,45.87
deesa,2022-06,0.51,42.91
deesa,2022-07,13.23,35.56
deesa,2022-08,13.35,32.48
deesa,2022-09,2.54,32.82
deesa,2022-10,0.37,32.83
deesa,2022-11,0.0,33.21
deesa,2022-12,0.0,31.2
deesa,2023-01,0.48,29.32
deesa,2023-02,0.0,37.74
deesa,2023-03,1.03,37.27
deesa,2023-04,0.78,39.81
deesa,2023-05,0.47,43.44
deesa,2023-06,9.54,40.78
deesa,2023-07,10.26,36.3
deesa,2023-08,4.73,31.46
deesa,2023-09,7.15,34.19
deesa,2023-10,0.02,33.54
deesa,2023-11,1.09,33.27
deesa,2023-12,0.25,29.28
deesa,2024-01,0.0,29.69
deesa,2024-02,0.01,35.21
deesa,2024-03,0.26,40.19
deesa,2024-04,0.01,41.08
deesa,2024-05,0.07,47.34
deesa,2024-06,2.07,42.7
deesa,2024-07,6.03,38.27
deesa,2024-08,11.43,33.38
deesa,2024-09,5.92,33.64
deesa,2024-10,0.72,34.42
deesa,2024-11,0.0,33.86
deesa,2024-12,0.07,30.1
deesa,2025-01,0.0,31.9
deesa,2025-02,0.0,36.31
deesa,2025-03,0.0,39.9
deesa,2025-04,0.04,43.89
deesa,2025-05,2.07,45.07
deesa,2025-06,3.49,44.39
deesa,2025-07,11.54,35.51
deesa,2025-08,10.04,33.19
deesa,2025-09,4.03,32.71
deesa,2025-10,2.81,31.71
deesa,2025-11,0.27,30.14
deesa,2025-12,0.01,30.34
nashik,2012-01,0.0,32.39
nashik,2012-02,0.0,36.76
nashik,2012-03,0.0,39.67
nashik,2012-04,0.05,40.56
nashik,2012-05,0.3,39.98
nashik,2012-06,3.56,37.2
nashik,2012-07,10.43,31.43
nashik,2012-08,6.62,29.06
nashik,2012-09,8.65,30.2
nashik,2012-10,3.74,29.91
nashik,2012-11,0.0,31.42
nashik,2012-12,0.0,32.69
nashik,2013-01,0.0,33.81
nashik,2013-02,0.77,35.6
nashik,2013-03,0.01,38.18
nashik,2013-04,0.01,41.61
nashik,2013-05,0.01,42.54
nashik,2013-06,15.66,36.28
nashik,2013-07,17.09,27.93
nashik,2013-08,6.81,28.35
nashik,2013-09,8.44,29.1
nashik,2013-10,2.2,29.56
nashik,2013-11,0.36,30.45
nashik,2013-12,0.22,30.26
nashik,2014-01,0.13,31.48
nashik,2014-02,0.1,34.8
nashik,2014-03,0.57,39.42
nashik,2014-04,0.11,40.91
nashik,2014-05,1.08,40.46
nashik,2014-06,1.44,39.95
nashik,2014-07,23.19,33.37
nashik,2014-08,12.1,29.48
nashik,2014-09,8.99,29.9
nashik,2014-10,1.08,30.13
nashik,2014-11,1.23,32.11
nashik,2014-12,0.35,31.54
nashik,2015-01,0.13,31.94
nashik,2015-02,0.1,36.03
nashik,2015-03,1.23,40.09
nashik,2015-04,0.14,41.0
nashik,2015-05,0.25,40.8
nashik,2015-06,14.55,39.73
nashik,2015-07,7.2,30.42
nashik,2015-08,3.57,29.33
nashik,2015-09,14.48,30.81
nashik,2015-10,1.71,31.11
nashik,2015-11,0.44,31.35
nashik,2015-12,0.0,33.98
nashik,2016-01,0.0,35.25
nashik,2016-02,0.0,37.47
nashik,2016-03,0.17,40.28
nashik,2016-04,0.01,41.3
nashik,2016-05,0.58,41.6
nashik,2016-06,6.84,39.28
nashik,2016-07,24.45,28.42
nashik,2016-08,18.56,28.69
nashik,2016-09,12.82,28.48
nashik,2016-10,2.64,29.49
nashik,2016-11,0.0,32.73
nashik,2016-12,0.0,33.74
nashik,2017-01,0.0,34.17
nashik,2017-02,0.0,37.34
nashik,2017-03,0.0,41.61
nashik,2017-04,0.0,41.93
nashik,2017-05,0.15,41.71
nashik,2017-06,12.31,37.39
nashik,2017-07,24.43,28.34
nashik,2017-08,12.27,28.58
nashik,2017-09,7.75,30.17
nashik,2017-10,4.0,30.71
nashik,2017-11,0.01,29.8
nashik,2017-12,1.05,29.4
nashik,2018-01,0.03,32.8
nashik,2018-02,0.0,36.75
nashik,2018-03,0.01,39.54
nashik,2018-04,0.0,41.31
nashik,2018-05,0.0,41.36
nashik,2018-06,10.27,38.03
nashik,2018-07,23.9,29.35
nashik,2018-08,7.83,27.88
nashik,2018-09,2.32,31.08
nashik,2018-10,0.51,33.37
nashik,2018-11,0.15,34.71
nashik,2018-12,0.0,32.25
nashik,2019-01,0.0,32.79
nashik,2019-02,0.0,37.53
nashik,2019-03,0.0,40.72
nashik,2019-04,0.2,43.36
nashik,2019-05,0.0,40.66
nashik,2019-06,9.4,40.17
nashik,2019-07,26.87,30.71
nashik,2019-08,17.06,28.9
nashik,2019-09,19.41,28.79
nashik,2019-10,4.48,28.96
nashik,2019-11,1.47,28.47
nashik,2019-12,0.01,27.96
nashik,2020-01,0.0,32.3
nashik,2020-02,0.0,35.53
nashik,2020-03,0.15,38.47
nashik,2020-04,0.02,41.24
nashik,2020-05,0.31,41.36
nashik,2020-06,15.02,33.92
nashik,2020-07,13.99,30.12
nashik,2020-08,25.55,28.24
nashik,2020-09,9.84,29.7
nashik,2020-10,3.35,29.65
nashik,2020-11,0.07,29.11
nashik,2020-12,0.65,29.62
nashik,2021-01,0.41,32.42
nashik,2021-02,0.27,36.16
nashik,2021-03,0.02,40.14
nashik,2021-04,0.41,40.39
nashik,2021-05,6.11,39.42
nashik,2021-06,11.02,33.18
nashik,2021-07,12.17,31.39
nashik,2021-08,10.68,28.69
nashik,2021-09,15.41,28.38
nashik,2021-10,1.59,29.52
nashik,2021-11,1.08,29.52
nashik,2021-12,2.28,28.2
nashik,2022-01,0.04,30.84
nashik,2022-02,0.0,36.17
nashik,2022-03,0.14,40.25
nashik,2022-04,0.0,41.66
nashik,2022-05,0.36,42.03
nashik,2022-06,6.93,38.04
nashik,2022-07,32.01,28.23
nashik,2022-08,16.22,28.97
nashik,2022-09,15.08,29.65
nashik,2022-10,4.8,28.74
nashik,2022-11,0.0,28.17
nashik,2022-12,0.3,30.25
nashik,2023-01,0.02,32.0
nashik,2023-02,0.0,36.55
nashik,2023-03,0.65,36.51
nashik,2023-04,0.35,39.84
nashik,2023-05,0.25,41.65
nashik,2023-06,8.91,39.16
nashik,2023-07,23.45,29.32
nashik,2023-08,2.99,29.9
nashik,2023-09,10.94,30.55
nashik,2023-10,0.17,30.35
nashik,2023-11,1.19,30.8
nashik,2023-12,0.02,32.4
nashik,2024-01,0.06,32.74
nashik,2024-02,0.02,35.77
nashik,2024-03,0.0,40.22
nashik,2024-04,0.08,41.42
nashik,2024-05,0.54,42.74
nashik,2024-06,8.0,38.23
nashik,2024-07,23.42,29.45
nashik,2024-08,19.08,29.95
nashik,2024-09,14.18,29.34
nashik,2024-10,3.84,30.15
nashik,2024-11,0.0,28.9
nashik,2024-12,0.49,30.46
nashik,2025-01,0.0,35.57
nashik,2025-02,0.0,36.7
nashik,2025-03,0.0,39.91
nashik,2025-04,0.09,41.96
nashik,2025-05,6.85,41.24
nashik,2025-06,17.59,32.47
nashik,2025-07,13.96,28.52
nashik,2025-08,13.76,29.09
nashik,2025-09,15.78,28.44
nashik,2025-10,3.19,29.18
nashik,2025-11,0.23,28.92
nashik,2025-12,0.0,30.13
kolar,2012-01,0.07,31.06
kolar,2012-02,0.0,36.69
kolar,2012-03,0.14,37.87
kolar,2012-04,1.15,38.57
kolar,2012-05,1.87,36.61
kolar,2012-06,1.99,36.38
kolar,2012-07,2.66,33.71
kolar,2012-08,3.31,33.26
kolar,2012-09,2.21,33.04
kolar,2012-10,5.75,33.32
kolar,2012-11,1.25,30.58
kolar,2012-12,1.14,30.06
kolar,2013-01,0.0,31.8
kolar,2013-02,0.84,33.98
kolar,2013-03,0.48,37.48
kolar,2013-04,0.82,38.51
kolar,2013-05,2.91,38.53
kolar,2013-06,2.7,31.95
kolar,2013-07,2.57,30.69
kolar,2013-08,4.49,32.06
kolar,2013-09,7.81,28.91
kolar,2013-10,2.87,28.2
kolar,2013-11,1.51,28.81
kolar,2013-12,0.13,30.18
kolar,2014-01,0.0,31.19
kolar,2014-02,0.01,33.76
kolar,2014-03,0.15,37.95
kolar,2014-04,0.07,39.36
kolar,2014-05,3.14,37.38
kolar,2014-06,3.18,35.37
kolar,2014-07,0.91,32.4
kolar,2014-08,2.35,32.42
kolar,2014-09,4.51,33.21
kolar,2014-10,4.48,31.61
kolar,2014-11,0.88,29.53
kolar,2014-12,0.82,30.93
kolar,2015-01,0.07,31.56
kolar,2015-02,0.04,34.77
kolar,2015-03,0.65,36.59
kolar,2015-04,3.41,37.13
kolar,2015-05,3.24,35.6
kolar,2015-06,2.37,33.1
kolar,2015-07,1.26,33.86
kolar,2015-08,2.55,33.71
kolar,2015-09,3.6,34.27
kolar,2015-10,2.55,31.43
kolar,2015-11,6.74,29.87
kolar,2015-12,0.35,29.33
kolar,2016-01,0.1,32.31
kolar,2016-02,0.0,36.58
kolar,2016-03,0.8,37.97
kolar,2016-04,0.21,40.91
kolar,2016-05,3.72,39.34
kolar,2016-06,5.04,31.93
kolar,2016-07,4.71,31.3
kolar,2016-08,1.68,32.52
kolar,2016-09,1.29,32.18
kolar,2016-10,0.82,33.79
kolar,2016-11,0.06,34.05
kolar,2016-12,1.98,31.48
kolar,2017-01,0.12,32.91
kolar,2017-02,0.0,36.27
kolar,2017-03,1.03,37.04
kolar,2017-04,0.94,39.4
kolar,2017-05,4.98,38.37
kolar,2017-06,1.64,32.73
kolar,2017-07,1.96,34.61
kolar,2017-08,7.59,32.02
kolar,2017-09,10.39,28.7
kolar,2017-10,8.09,27.71
kolar,2017-11,0.97,27.22
kolar,2017-12,0.46,26.95
kolar,2018-01,0.0,30.0
kolar,2018-02,0.21,34.07
kolar,2018-03,0.85,37.0
kolar,2018-04,1.13,38.26
kolar,2018-05,5.94,35.8
kolar,2018-06,2.07,31.77
kolar,2018-07,2.09,32.11
kolar,2018-08,2.48,32.33
kolar,2018-09,4.53,33.01
kolar,2018-10,2.44,31.44
kolar,2018-11,0.79,31.98
kolar,2018-12,0.18,32.31
kolar,2019-01,0.2,32.18
kolar,2019-02,0.82,35.82
kolar,2019-03,0.0,39.03
kolar,2019-04,1.69,38.72
kolar,2019-05,3.84,37.04
kolar,2019-06,2.08,36.34
kolar,2019-07,2.03,33.43
kolar,2019-08,4.44,33.06
kolar,2019-09,5.83,31.02
kolar,2019-10,6.56,28.52
kolar,2019-11,1.48,28.36
kolar,2019-12,0.48,30.3
kolar,2020-01,0.01,33.96
kolar,2020-02,0.0,35.1
kolar,2020-03,0.29,36.84
kolar,2020-04,2.46,37.73
kolar,2020-05,2.28,39.03
kolar,2020-06,6.18,33.61
kolar,2020-07,5.44,29.16
kolar,2020-08,3.15,29.64
kolar,2020-09,7.04,28.66
kolar,2020-10,6.51,28.82
kolar,2020-11,2.98,27.68
kolar,2020-12,0.91,26.22
kolar,2021-01,0.72,29.92
kolar,2021-02,0.52,34.18
kolar,2021-03,0.0,39.69
kolar,2021-04,2.35,38.9
kolar,2021-05,5.45,36.03
kolar,2021-06,2.78,32.55
kolar,2021-07,6.04,29.99
kolar,2021-08,3.13,29.98
kolar,2021-09,4.63,30.14
kolar,2021-10,7.4,28.98
kolar,2021-11,7.27,26.88
kolar,2021-12,0.41,27.44
kolar,2022-01,0.05,30.95
kolar,2022-02,0.0,33.43
kolar,2022-03,0.39,37.76
kolar,2022-04,2.16,38.22
kolar,2022-05,7.14,36.83
kolar,2022-06,5.47,31.62
kolar,2022-07,4.45,29.33
kolar,2022-08,22.46,29.66
kolar,2022-09,6.42,29.21
kolar,2022-10,6.77,29.1
kolar,2022-11,2.17,27.62
kolar,2022-12,2.77,27.32
kolar,2023-01,0.01,28.81
kolar,2023-02,0.01,33.87
kolar,2023-03,0.94,36.53
kolar,2023-04,1.25,38.65
kolar,2023-05,5.09,36.76
kolar,2023-06,3.11,34.67
kolar,2023-07,2.7,32.89
kolar,2023-08,2.11,33.93
kolar,2023-09,5.48,32.24
kolar,2023-10,2.06,31.03
kolar,2023-11,2.46,31.19
kolar,2023-12,0.37,31.63
kolar,2024-01,0.11,33.22
kolar,2024-02,0.0,36.56
kolar,2024-03,0.0,37.53
kolar,2024-04,0.0,40.58
kolar,2024-05,4.59,40.54
kolar,2024-06,5.14,32.58
kolar,2024-07,2.54,32.21
kolar,2024-08,6.17,30.81
kolar,2024-09,1.69,32.0
kolar,2024-10,7.76,32.2
kolar,2024-11,1.2,27.87
kolar,2024-12,3.26,29.53
kolar,2025-01,0.2,31.84
kolar,2025-02,0.0,34.98
kolar,2025-03,0.21,37.27
kolar,2025-04,1.42,38.74
kolar,2025-05,7.54,35.77
kolar,2025-06,1.94,32.58
kolar,2025-07,2.06,32.95
kolar,2025-08,4.99,31.53
kolar,2025-09,5.26,30.3
kolar,2025-10,4.46,30.17
kolar,2025-11,0.7,29.66
kolar,2025-12,0.12,31.28
ahmedabad,2012-01,0.0,30.19
ahmedabad,2012-02,0.0,36.01
ahmedabad,2012-03,0.0,42.53
ahmedabad,2012-04,0.07,43.42
ahmedabad,2012-05,0.01,44.63
ahmedabad,2012-06,1.15,44.47
ahmedabad,2012-07,2.5,38.93
ahmedabad,2012-08,6.08,38.3
ahmedabad,2012-09,8.07,34.26
ahmedabad,2012-10,0.02,35.76
ahmedabad,2012-11,0.0,34.54
ahmedabad,2012-12,0.0,34.48
ahmedabad,2013-01,0.01,33.29
ahmedabad,2013-02,0.02,36.43
ahmedabad,2013-03,0.0,39.82
ahmedabad,2013-04,0.35,43.76
ahmedabad,2013-05,0.01,46.12
ahmedabad,2013-06,4.61,44.04
ahmedabad,2013-07,12.72,36.25
ahmedabad,2013-08,5.23,32.14
ahmedabad,2013-09,8.55,36.89
ahmedabad,2013-10,1.15,33.97
ahmedabad,2013-11,0.0,30.76
ahmedabad,2013-12,0.0,31.17
ahmedabad,2014-01,0.18,30.61
ahmedabad,2014-02,0.01,34.17
ahmedabad,2014-03,0.0,41.18
ahmedabad,2014-04,0.3,45.43
ahmedabad,2014-05,0.15,46.43
ahmedabad,2014-06,0.1,46.42
ahmedabad,2014-07,15.32,42.1
ahmedabad,2014-08,3.52,32.86
ahmedabad,2014-09,5.49,33.21
ahmedabad,2014-10,0.02,35.03
ahmedabad,2014-11,0.1,34.54
ahmedabad,2014-12,0.02,32.93
ahmedabad,2015-01,0.23,31.87
ahmedabad,2015-02,0.01,38.61
ahmedabad,2015-03,0.66,43.29
ahmedabad,2015-04,0.66,45.54
ahmedabad,2015-05,0.19,46.19
ahmedabad,2015-06,5.4,44.81
ahmedabad,2015-07,9.68,38.25
ahmedabad,2015-08,1.38,34.46
ahmedabad,2015-09,3.32,39.16
ahmedabad,2015-10,0.0,39.25
ahmedabad,2015-11,0.0,36.89
ahmedabad,2015-12,0.0,35.59
ahmedabad,2016-01,0.0,35.02
ahmedabad,2016-02,0.0,39.03
ahmedabad,2016-03,0.03,42.47
ahmedabad,2016-04,0.0,44.67
ahmedabad,2016-05,0.01,48.58
ahmedabad,2016-06,0.61,46.69
ahmedabad,2016-07,4.89,39.72
ahmedabad,2016-08,8.25,35.17
ahmedabad,2016-09,2.53,35.67
ahmedabad,2016-10,1.58,35.85
ahmedabad,2016-11,0.0,34.75
ahmedabad,2016-12,0.0,33.88
ahmedabad,2017-01,0.0,35.16
ahmedabad,2017-02,0.0,38.35
ahmedabad,2017-03,0.0,44.01
ahmedabad,2017-04,0.0,45.69
ahmedabad,2017-05,0.09,45.58
ahmedabad,2017-06,3.23,44.08
ahmedabad,2017-07,17.45,36.96
ahmedabad,2017-08,4.67,33.08
ahmedabad,2017-09,2.2,33.09
ahmedabad,2017-10,0.01,36.14
ahmedabad,2017-11,0.0,34.57
ahmedabad,2017-12,0.3,32.65
ahmedabad,2018-01,0.0,34.74
ahmedabad,2018-02,0.0,39.03
ahmedabad,2018-03,0.0,43.0
ahmedabad,2018-04,0.0,45.73
ahmedabad,2018-05,0.0,46.91
ahmedabad,2018-06,0.75,44.99
ahmedabad,2018-07,7.25,38.85
ahmedabad,2018-08,6.02,36.68
ahmedabad,2018-09,1.44,38.87
ahmedabad,2018-10,0.0,38.33
ahmedabad,2018-11,0.0,36.55
ahmedabad,2018-12,0.0,32.16
ahmedabad,2019-01,0.0,33.79
ahmedabad,2019-02,0.0,36.67
ahmedabad,2019-03,0.0,43.52
ahmedabad,2019-04,0.11,45.87
ahmedabad,2019-05,0.01,45.53
ahmedabad,2019-06,2.97,46.95
ahmedabad,2019-07,5.34,40.04
ahmedabad,2019-08,12.89,33.88
ahmedabad,2019-09,9.53,32.43
ahmedabad,2019-10,0.85,32.56
ahmedabad,2019-11,0.23,30.77
ahmedabad,2019-12,0.0,29.27
ahmedabad,2020-01,0.0,30.07
ahmedabad,2020-02,0.0,36.05
ahmedabad,2020-03,0.24,39.69
ahmedabad,2020-04,0.01,45.13
ahmedabad,2020-05,0.04,46.3
ahmedabad,2020-06,4.93,40.83
ahmedabad,2020-07,5.79,37.4
ahmedabad,2020-08,16.64,36.18
ahmedabad,2020-09,3.8,32.7
ahmedabad,2020-10,0.33,33.41
ahmedabad,2020-11,0.0,31.81
ahmedabad,2020-12,0.15,32.46
ahmedabad,2021-01,0.0,32.2
ahmedabad,2021-02,0.0,37.97
ahmedabad,2021-03,0.0,43.12
ahmedabad,2021-04,0.01,43.98
ahmedabad,2021-05,2.28,44.4
ahmedabad,2021-06,5.51,41.79
ahmedabad,2021-07,3.96,38.34
ahmedabad,2021-08,1.45,37.27
ahmedabad,2021-09,9.13,35.6
ahmedabad,2021-10,0.39,34.78
ahmedabad,2021-11,0.28,34.23
ahmedabad,2021-12,0.27,30.65
ahmedabad,2022-01,0.06,32.12
ahmedabad,2022-02,0.0,36.38
ahmedabad,2022-03,0.0,43.22
ahmedabad,2022-04,0.0,45.66
ahmedabad,2022-05,0.0,47.65
ahmedabad,2022-06,1.23,44.37
ahmedabad,2022-07,12.72,35.45
ahmedabad,2022-08,7.58,34.09
ahmedabad,2022-09,2.71,33.66
ahmedabad,2022-10,1.02,33.68
ahmedabad,2022-11,0.0,34.77
ahmedabad,2022-12,0.18,34.39
ahmedabad,2023-01,0.09,32.51
ahmedabad,2023-02,0.0,39.24
ahmedabad,2023-03,0.54,39.03
ahmedabad,2023-04,0.23,42.8
ahmedabad,2023-05,0.77,45.23
ahmedabad,2023-06,6.05,41.59
ahmedabad,2023-07,12.61,35.62
ahmedabad,2023-08,1.09,33.02
ahmedabad,2023-09,7.56,35.54
ahmedabad,2023-10,0.01,34.59
ahmedabad,2023-11,1.07,34.52
ahmedabad,2023-12,0.08,31.77
ahmedabad,2024-01,0.01,32.16
ahmedabad,2024-02,0.0,38.32
ahmedabad,2024-03,0.1,42.06
ahmedabad,2024-04,0.0,45.13
ahmedabad,2024-05,0.2,47.44
ahmedabad,2024-06,3.12,44.56
ahmedabad,2024-07,7.34,37.92
ahmedabad,2024-08,13.95,34.88
ahmedabad,2024-09,7.16,32.49
ahmedabad,2024-10,0.66,32.88
ahmedabad,2024-11,0.0,33.18
ahmedabad,2024-12,0.01,29.79
ahmedabad,2025-01,0.0,33.31
ahmedabad,2025-02,0.0,38.16
ahmedabad,2025-03,0.0,42.31
ahmedabad,2025-04,0.01,45.77
ahmedabad,2025-05,3.22,45.98
ahmedabad,2025-06,8.51,43.38
ahmedabad,2025-07,8.35,33.73
ahmedabad,2025-08,6.58,33.68
ahmedabad,2025-09,5.55,33.86
ahmedabad,2025-10,3.19,32.73
ahmedabad,2025-11,0.41,30.7
ahmedabad,2025-12,0.0,30.55
indore,2012-01,0.02,30.18
indore,2012-02,0.0,36.54
indore,2012-03,0.0,40.67
indore,2012-04,0.04,42.36
indore,2012-05,0.71,43.93
indore,2012-06,1.29,42.64
indore,2012-07,10.59,36.37
indore,2012-08,6.19,32.13
indore,2012-09,8.47,31.84
indore,2012-10,0.21,32.23
indore,2012-11,0.0,31.85
indore,2012-12,0.01,33.31
indore,2013-01,0.04,32.53
indore,2013-02,0.43,35.41
indore,2013-03,0.22,38.47
indore,2013-04,0.45,43.65
indore,2013-05,0.28,45.41
indore,2013-06,10.25,42.03
indore,2013-07,16.34,31.47
indore,2013-08,9.9,30.45
indore,2013-09,4.07,32.87
indore,2013-10,2.61,31.44
indore,2013-11,0.07,28.83
indore,2013-12,0.25,28.87
indore,2014-01,0.74,29.36
indore,2014-02,0.61,32.75
indore,2014-03,0.15,39.95
indore,2014-04,0.17,44.0
indore,2014-05,0.23,44.77
indore,2014-06,0.25,45.56
indore,2014-07,11.23,39.91
indore,2014-08,5.87,31.54
indore,2014-09,6.16,31.29
indore,2014-10,0.47,32.02
indore,2014-11,0.1,32.58
indore,2014-12,0.38,32.01
indore,2015-01,1.55,28.12
indore,2015-02,0.1,36.16
indore,2015-03,1.46,40.19
indore,2015-04,0.4,43.6
indore,2015-05,0.07,45.94
indore,2015-06,7.99,43.44
indore,2015-07,15.31,35.08
indore,2015-08,9.02,31.17
indore,2015-09,1.46,32.48
indore,2015-10,0.17,36.36
indore,2015-11,0.0,34.73
indore,2015-12,0.0,34.21
indore,2016-01,0.12,34.17
indore,2016-02,0.0,36.09
indore,2016-03,0.05,41.36
indore,2016-04,0.0,43.26
indore,2016-05,0.44,47.76
indore,2016-06,4.08,46.48
indore,2016-07,11.65,34.11
indore,2016-08,9.55,30.92
indore,2016-09,4.11,31.21
indore,2016-10,1.56,30.83
indore,2016-11,0.0,31.41
indore,2016-12,0.0,31.58
indore,2017-01,0.0,33.1
indore,2017-02,0.0,36.85
indore,2017-03,0.0,43.05
indore,2017-04,0.07,44.68
indore,2017-05,0.38,44.6
indore,2017-06,5.09,43.72
indore,2017-07,10.42,34.96
indore,2017-08,7.26,31.02
indore,2017-09,5.07,31.74
indore,2017-10,0.43,32.82
indore,2017-11,0.0,30.65
indore,2017-12,0.07,30.17
indore,2018-01,0.0,33.38
indore,2018-02,0.02,36.47
indore,2018-03,0.03,41.69
indore,2018-04,0.1,44.31
indore,2018-05,0.03,45.83
indore,2018-06,4.82,43.68
indore,2018-07,8.44,34.64
indore,2018-08,7.01,31.47
indore,2018-09,2.83,32.52
indore,2018-10,0.09,34.79
indore,2018-11,0.01,34.26
indore,2018-12,0.0,30.45
indore,2019-01,0.0,31.92
indore,2019-02,0.02,35.81
indore,2019-03,0.0,42.01
indore,2019-04,0.18,45.47
indore,2019-05,0.03,44.94
indore,2019-06,3.18,45.69
indore,2019-07,12.35,33.87
indore,2019-08,15.54,30.61
indore,2019-09,13.93,30.69
indore,2019-10,1.86,29.9
indore,2019-11,0.29,28.94
indore,2019-12,0.08,26.41
indore,2020-01,0.03,29.97
indore,2020-02,0.0,34.27
indore,2020-03,0.47,38.84
indore,2020-04,0.02,43.37
indore,2020-05,0.08,44.25
indore,2020-06,6.14,39.03
indore,2020-07,6.27,33.69
indore,2020-08,14.72,32.38
indore,2020-09,6.88,31.36
indore,2020-10,0.56,31.48
indore,2020-11,0.01,30.16
indore,2020-12,0.37,30.5
indore,2021-01,0.12,32.06
indore,2021-02,0.04,36.61
indore,2021-03,0.16,41.96
indore,2021-04,0.0,42.85
indore,2021-05,0.77,42.5
indore,2021-06,4.05,40.78
indore,2021-07,7.57,36.75
indore,2021-08,5.76,31.67
indore,2021-09,10.1,31.3
indore,2021-10,2.35,31.47
indore,2021-11,0.16,28.85
indore,2021-12,0.53,26.54
indore,2022-01,0.42,29.23
indore,2022-02,0.0,35.22
indore,2022-03,0.09,42.05
indore,2022-04,0.0,44.65
indore,2022-05,0.03,46.62
indore,2022-06,4.6,43.31
indore,2022-07,14.14,32.14
indore,2022-08,11.89,30.61
indore,2022-09,7.27,31.86
indore,2022-10,3.68,30.93
indore,2022-11,0.0,30.02
indore,2022-12,0.16,29.43
indore,2023-01,0.05,31.03
indore,2023-02,0.0,36.85
indore,2023-03,0.31,37.51
indore,2023-04,1.0,41.7
indore,2023-05,0.69,44.58
indore,2023-06,3.26,41.82
indore,2023-07,10.9,34.1
indore,2023-08,2.09,31.8
indore,2023-09,16.79,32.62
indore,2023-10,0.09,31.98
indore,2023-11,1.75,31.27
indore,2023-12,0.15,28.98
indore,2024-01,0.13,31.33
indore,2024-02,0.1,35.56
indore,2024-03,0.04,41.8
indore,2024-04,0.27,43.06
indore,2024-05,0.26,46.47
indore,2024-06,4.79,43.17
indore,2024-07,9.72,35.19
indore,2024-08,12.06,31.64
indore,2024-09,8.11,30.92
indore,2024-10,1.86,31.24
indore,2024-11,0.0,31.36
indore,2024-12,0.52,27.88
indore,2025-01,0.0,33.43
indore,2025-02,0.0,36.77
indore,2025-03,0.0,40.38
indore,2025-04,0.0,44.14
indore,2025-05,3.93,44.29
indore,2025-06,5.77,44.35
indore,2025-07,6.01,33.13
indore,2025-08,9.82,32.19
indore,2025-09,8.48,31.03
indore,2025-10,2.57,30.14
indore,2025-11,0.13,29.69
indore,2025-12,0.0,27.71
