period,01,03,04,05,06,07,08,09,10,11,13
2025-01,100.0,100.0,100.0,100.0,100.0,100.0,100.0,100.0,100.0,100.0,100.0
2025-02,98.913,100.184,100.163,100.558,100.225,100.031,100.199,100.02,100.088,100.467,100.973
2025-03,97.845,100.241,100.327,100.985,100.454,100.025,100.073,99.958,100.237,100.516,101.691
2025-04,97.651,100.109,100.626,100.961,101.379,100.563,100.079,100.084,101.053,100.668,102.547
2025-05,98.885,100.367,100.832,101.195,101.461,100.762,99.943,100.068,101.402,101.153,103.278
2025-06,100.321,100.304,100.997,101.349,101.683,100.817,99.99,100.194,102.278,101.497,103.846
2025-07,102.039,101.016,100.806,101.424,102.031,100.841,99.938,100.23,103.449,101.692,105.125
2025-08,102.138,100.805,100.974,101.575,102.526,100.918,99.945,100.173,104.03,101.571,106.172
2025-09,101.262,100.823,101.142,101.578,102.029,101.012,99.781,100.281,104.505,101.696,107.981
2025-10,100.526,100.54,101.311,101.813,100.792,100.955,99.658,100.489,104.758,101.746,110.401
2025-11,102.159,100.751,101.48,101.861,100.881,100.967,99.563,100.399,104.962,101.986,110.804
2025-12,102.055,100.738,101.649,101.844,100.909,100.982,99.507,100.542,105.133,102.234,112.809
2026-01,101.151,100.874,101.796,101.936,101.012,101.175,99.896,100.698,105.258,102.416,120.106
2026-02,99.952,100.821,101.942,101.871,101.054,101.191,101.885,100.702,105.383,102.614,121.191
2026-03,99.836,101.929,102.255,102.04,101.137,101.205,101.964,100.815,105.77,102.663,121.111
2026-04,99.816,102.453,102.442,102.651,101.51,101.227,102.03,100.965,106.389,102.999,120.545
2026-05,101.143,103.116,102.59,102.948,101.785,103.353,102.226,100.948,106.767,104.906,121.676
2026-06,103.648,103.607,102.817,103.787,102.09,106.986,102.378,101.395,107.937,106.525,121.588
2026-07,105.78,104.244,103.878,104.023,102.476,107.317,102.627,101.698,109.149,106.975,120.416
2026-08,107.917,104.43,103.986,104.434,102.652,111.872,105.897,101.967,109.792,107.796,121.598
2026-09,108.972,104.816,104.321,104.75,102.987,112.926,107.53,102.327,110.078,110.231,123.545
2026-10,109.154,105.179,104.446,105.11,103.328,113.019,107.558,102.675,110.34,110.632,123.004
